Full Name,Probability,First Name,Middle Name,Surname,Nicknames
Jenny Simmons,0.6394267984578837,Jenny,Simmons,,"['Jenny', 'S', '']"
Tony Washington DVM,0.025010755222666936,Tony,Washington,DVM,"['Tony', 'W', 'DVM']"
Sarah Mullins,0.27502931836911926,Sarah,Mullins,,"['Sarah', 'M', '']"
Marcus Matthews,0.22321073814882275,Marcus,Matthews,,"['Marcus', 'M', '']"
Diana Summers,0.7364712141640124,Diana,Summers,,"['Diana', 'S', '']"
Jeremiah Tate,0.6766994874229113,Jeremiah,Tate,,"['Jeremiah', 'T', '']"
Sarah Craig,0.8921795677048454,Sarah,Craig,,"['Sarah', 'C', '']"
David Marshall,0.08693883262941615,David,Marshall,,"['David', 'M', '']"
Caleb Chambers,0.4219218196852704,Caleb,Chambers,,"['Caleb', 'C', '']"
Sara Porter,0.029797219438070344,Sara,Porter,,"['Sara', 'P', '']"
Ian Green,0.21863797480360336,Ian,Green,,"['Ian', 'G', '']"
Samuel Smith,0.5053552881033624,Samuel,Smith,,"['Samuel', 'S', '']"
David Rogers,0.026535969683863625,David,Rogers,,"['David', 'R', '']"
Glenn Sanchez,0.1988376506866485,Glenn,Sanchez,,"['Glenn', 'S', '']"
Denise Gonzales,0.6498844377795232,Denise,Gonzales,,"['Denise', 'G', '']"
Deanna Graves,0.5449414806032167,Deanna,Graves,,"['Deanna', 'G', '']"
Michael Davis,0.2204406220406967,Michael,Davis,,"['Michael', 'D', '']"
Sarah Price,0.5892656838759087,Sarah,Price,,"['Sarah', 'P', '']"
Melanie Walsh,0.8094304566778266,Melanie,Walsh,,"['Melanie', 'W', '']"
Samantha Hughes,0.006498759678061017,Samantha,Hughes,,"['Samantha', 'H', '']"
Robert Stevens,0.8058192518328079,Robert,Stevens,,"['Robert', 'S', '']"
Dennis Kaufman,0.6981393949882269,Dennis,Kaufman,,"['Dennis', 'K', '']"
Paul Thompson,0.3402505165179919,Paul,Thompson,,"['Paul', 'T', '']"
Krista Bautista,0.15547949981178155,Krista,Bautista,,"['Krista', 'B', '']"
Bradley Norris,0.9572130722067812,Bradley,Norris,,"['Bradley', 'N', '']"
Angela Aguirre,0.33659454511262676,Angela,Aguirre,,"['Angela', 'A', '']"
Willie Jackson,0.09274584338014791,Willie,Jackson,,"['Willie', 'J', '']"
Linda English,0.09671637683346401,Linda,English,,"['Linda', 'E', '']"
Pamela Knight,0.8474943663474598,Pamela,Knight,,"['Pamela', 'K', '']"
James Wilson,0.6037260313668911,James,Wilson,,"['James', 'W', '']"
Mr. William Evans,0.8071282732743802,Mr.,William,Evans,"['Mr.', 'W', 'Eva']"
James Deleon,0.7297317866938179,James,Deleon,,"['James', 'D', '']"
Natasha Jones,0.5362280914547007,Natasha,Jones,,"['Natasha', 'J', '']"
Lindsey Williams,0.9731157639793706,Lindsey,Williams,,"['Lindsey', 'W', '']"
Joyce Brown,0.3785343772083535,Joyce,Brown,,"['Joyce', 'B', '']"
Megan Jackson,0.552040631273227,Megan,Jackson,,"['Megan', 'J', '']"
Tanya Garrison,0.8294046642529949,Tanya,Garrison,,"['Tanya', 'G', '']"
Rebecca Mercado,0.6185197523642461,Rebecca,Mercado,,"['Rebecca', 'M', '']"
Andrea Castro,0.8617069003107772,Andrea,Castro,,"['Andrea', 'C', '']"
Steven Griffin,0.577352145256762,Steven,Griffin,,"['Steven', 'G', '']"
Cole Riley,0.7045718362149235,Cole,Riley,,"['Cole', 'R', '']"
Andre Turner,0.045824383655662215,Andre,Turner,,"['Andre', 'T', '']"
Jennifer Brown,0.22789827565154686,Jennifer,Brown,,"['Jennifer', 'B', '']"
Cynthia Gay,0.28938796360210717,Cynthia,Gay,,"['Cynthia', 'G', '']"
Sabrina Fleming,0.0797919769236275,Sabrina,Fleming,,"['Sabrina', 'F', '']"
Brandon Romero,0.23279088636103018,Brandon,Romero,,"['Brandon', 'R', '']"
Roberto Rogers,0.10100142940972912,Roberto,Rogers,,"['Roberto', 'R', '']"
Gary Wallace,0.2779736031100921,Gary,Wallace,,"['Gary', 'W', '']"
Joseph Ballard,0.6356844442644002,Joseph,Ballard,,"['Joseph', 'B', '']"
Michael Murray,0.36483217897008424,Michael,Murray,,"['Michael', 'M', '']"
Lindsey Vasquez,0.37018096711688264,Lindsey,Vasquez,,"['Lindsey', 'V', '']"
Kristen Clark,0.2095070307714877,Kristen,Clark,,"['Kristen', 'C', '']"
Melissa Allen,0.26697782204911336,Melissa,Allen,,"['Melissa', 'A', '']"
Alvin Ruiz,0.936654587712494,Alvin,Ruiz,,"['Alvin', 'R', '']"
Austin Stephenson,0.6480353852465935,Austin,Stephenson,,"['Austin', 'S', '']"
Jennifer Rios,0.6091310056669882,Jennifer,Rios,,"['Jennifer', 'R', '']"
Patricia Charles,0.171138648198097,Patricia,Charles,,"['Patricia', 'C', '']"
Ruben Durham,0.7291267979503492,Ruben,Durham,,"['Ruben', 'D', '']"
Eileen Robinson,0.1634024937619284,Eileen,Robinson,,"['Eileen', 'R', '']"
Jeremy Gibson Jr.,0.3794554417576478,Jeremy,Gibson,Jr.,"['Jeremy', 'G', 'Jr.']"
Linda Johnson,0.9895233506365952,Linda,Johnson,,"['Linda', 'J', '']"
Rhonda Lopez,0.6399997598540929,Rhonda,Lopez,,"['Rhonda', 'L', '']"
Natalie West,0.5569497437746462,Natalie,West,,"['Natalie', 'W', '']"
Bill Smith,0.6846142509898746,Bill,Smith,,"['Bill', 'S', '']"
Amy Schneider,0.8428519201898096,Amy,Schneider,,"['Amy', 'S', '']"
Timothy Bradley,0.7759999115462448,Timothy,Bradley,,"['Timothy', 'B', '']"
Melissa Cook,0.22904807196410437,Melissa,Cook,,"['Melissa', 'C', '']"
Joshua Nixon,0.03210024390403776,Joshua,Nixon,,"['Joshua', 'N', '']"
Kim Koch,0.3154530480590819,Kim,Koch,,"['Kim', 'K', '']"
Carrie Carpenter,0.26774087597570273,Carrie,Carpenter,,"['Carrie', 'C', '']"
Luke Miller,0.21098284358632646,Luke,Miller,,"['Luke', 'M', '']"
David Robinson,0.9429097143350544,David,Robinson,,"['David', 'R', '']"
Elizabeth Waters,0.8763676264726689,Elizabeth,Waters,,"['Elizabeth', 'W', '']"
Christine Franklin,0.3146778807984779,Christine,Franklin,,"['Christine', 'F', '']"
Keith Moore,0.65543866529488,Keith,Moore,,"['Keith', 'M', '']"
William Goodman,0.39563190106066426,William,Goodman,,"['William', 'G', '']"
Kim Gates DVM,0.9145475897405435,Kim,Gates,DVM,"['Kim', 'G', 'DVM']"
Clinton Wood,0.4588518525873988,Clinton,Wood,,"['Clinton', 'W', '']"
Danny Bradford,0.26488016649805246,Danny,Bradford,,"['Danny', 'B', '']"
Tara Torres DDS,0.24662750769398345,Tara,Torres,DDS,"['Tara', 'T', 'DDS']"
Theresa Hicks,0.5613681341631508,Theresa,Hicks,,"['Theresa', 'H', '']"
Joshua Giles Jr.,0.26274160852293527,Joshua,Giles,Jr.,"['Joshua', 'G', 'Jr.']"
Joseph Brown,0.5845859902235405,Joseph,Brown,,"['Joseph', 'B', '']"
Michael Galvan,0.897822883602477,Michael,Galvan,,"['Michael', 'G', '']"
Gordon Henry,0.39940050514039727,Gordon,Henry,,"['Gordon', 'H', '']"
Andrea Mcdowell,0.21932075915728333,Andrea,Mcdowell,,"['Andrea', 'M', '']"
Edwin Murphy,0.9975376064951103,Edwin,Murphy,,"['Edwin', 'M', '']"
Robert Rogers,0.5095262936764645,Robert,Rogers,,"['Robert', 'R', '']"
Thomas Beck,0.09090941217379389,Thomas,Beck,,"['Thomas', 'B', '']"
Stanley Scott,0.04711637542473457,Stanley,Scott,,"['Stanley', 'S', '']"
Lauren Reynolds,0.10964913035065915,Lauren,Reynolds,,"['Lauren', 'R', '']"
Christine Caldwell,0.62744604170309,Christine,Caldwell,,"['Christine', 'C', '']"
David Garcia,0.7920793643629641,David,Garcia,,"['David', 'G', '']"
Jonathan Horn,0.42215996679968404,Jonathan,Horn,,"['Jonathan', 'H', '']"
Amy Hill,0.06352770615195713,Amy,Hill,,"['Amy', 'H', '']"
Gabriella Sullivan,0.38161928650653676,Gabriella,Sullivan,,"['Gabriella', 'S', '']"
Alisha Miller,0.9961213802400968,Alisha,Miller,,"['Alisha', 'M', '']"
Mr. Joel Campbell II,0.529114345099137,Mr.,Joel,Campbell II,"['Mr.', 'J', 'Cam']"
Sharon Stuart,0.9710783776136181,Sharon,Stuart,,"['Sharon', 'S', '']"
Joshua Anderson,0.8607797022344981,Joshua,Anderson,,"['Joshua', 'A', '']"
Kimberly Hernandez,0.011481021942819636,Kimberly,Hernandez,,"['Kimberly', 'H', '']"
James Neal,0.7207218193601946,James,Neal,,"['James', 'N', '']"
Matthew Jarvis,0.6817103690265748,Matthew,Jarvis,,"['Matthew', 'J', '']"
James Gray,0.5369703304087952,James,Gray,,"['James', 'G', '']"
Travis Hart,0.2668251899525428,Travis,Hart,,"['Travis', 'H', '']"
Erin Logan,0.6409617985798081,Erin,Logan,,"['Erin', 'L', '']"
Jamie Robinson,0.11155217359587644,Jamie,Robinson,,"['Jamie', 'R', '']"
Eric Smith,0.434765250669105,Eric,Smith,,"['Eric', 'S', '']"
Darin Patterson,0.45372370632920644,Darin,Patterson,,"['Darin', 'P', '']"
Michael Miller,0.9538159275210801,Michael,Miller,,"['Michael', 'M', '']"
Heather Mays,0.8758529403781941,Heather,Mays,,"['Heather', 'M', '']"
Stephen Osborne PhD,0.26338905075109076,Stephen,Osborne,PhD,"['Stephen', 'O', 'PhD']"
Tim Howard,0.5005861130502983,Tim,Howard,,"['Tim', 'H', '']"
Raymond Norris,0.17865188053013137,Raymond,Norris,,"['Raymond', 'N', '']"
William Small,0.9126278393448205,William,Small,,"['William', 'S', '']"
Terry Spence,0.8705185698367669,Terry,Spence,,"['Terry', 'S', '']"
Steven Wright,0.2984447914486329,Steven,Wright,,"['Steven', 'W', '']"
Robert Maddox,0.6389494948660052,Robert,Maddox,,"['Robert', 'M', '']"
Michael Long,0.6089702114381723,Michael,Long,,"['Michael', 'L', '']"
Aaron Price IV,0.1528392685496348,Aaron,Price,IV,"['Aaron', 'P', 'IV']"
Kenneth Nelson,0.7625108000751513,Kenneth,Nelson,,"['Kenneth', 'N', '']"
Rose Roth,0.5393790301196257,Rose,Roth,,"['Rose', 'R', '']"
Michelle Wilkinson,0.7786264786305582,Michelle,Wilkinson,,"['Michelle', 'W', '']"
Lisa Krueger,0.5303536721951775,Lisa,Krueger,,"['Lisa', 'K', '']"
Jamie Barker,0.0005718961279435053,Jamie,Barker,,"['Jamie', 'B', '']"
Jaime Flynn,0.3241560570046731,Jaime,Flynn,,"['Jaime', 'F', '']"
Jose Levine,0.019476742385832302,Jose,Levine,,"['Jose', 'L', '']"
Brianna Evans,0.9290986162646171,Brianna,Evans,,"['Brianna', 'E', '']"
Kathleen Lewis,0.8787218778231842,Kathleen,Lewis,,"['Kathleen', 'L', '']"
Mark Jones,0.8316655293611794,Mark,Jones,,"['Mark', 'J', '']"
Kayla Cortez,0.30751412540266143,Kayla,Cortez,,"['Kayla', 'C', '']"
Kristin Carter,0.05792516649418755,Kristin,Carter,,"['Kristin', 'C', '']"
Clayton Meadows,0.8780095992040405,Clayton,Meadows,,"['Clayton', 'M', '']"
Michael Allen,0.9469494452979941,Michael,Allen,,"['Michael', 'A', '']"
Julia Potter,0.08565345206787878,Julia,Potter,,"['Julia', 'P', '']"
Ryan Hoffman,0.4859904633166138,Ryan,Hoffman,,"['Ryan', 'H', '']"
Victoria Patterson,0.06921251846838361,Victoria,Patterson,,"['Victoria', 'P', '']"
Erin Bonilla,0.7606021652572316,Erin,Bonilla,,"['Erin', 'B', '']"
Michael Lane,0.7658344293069878,Michael,Lane,,"['Michael', 'L', '']"
Sandra Powell,0.1283914644997628,Sandra,Powell,,"['Sandra', 'P', '']"
Nicholas Knox,0.4752823780987313,Nicholas,Knox,,"['Nicholas', 'K', '']"
William Cruz,0.5498035934949439,William,Cruz,,"['William', 'C', '']"
Sarah Schmidt,0.2650566289400591,Sarah,Schmidt,,"['Sarah', 'S', '']"
Jacob Montgomery,0.8724330410852574,Jacob,Montgomery,,"['Jacob', 'M', '']"
Alyssa Martin,0.4231379402008869,Alyssa,Martin,,"['Alyssa', 'M', '']"
Kimberly Wall,0.21179820544208205,Kimberly,Wall,,"['Kimberly', 'W', '']"
Michael Griffin,0.5392960887794583,Michael,Griffin,,"['Michael', 'G', '']"
Scott Vargas,0.7299310690899762,Scott,Vargas,,"['Scott', 'V', '']"
Karen Murphy,0.2011510633896959,Karen,Murphy,,"['Karen', 'M', '']"
Mr. Robert Moore,0.31171629130089495,Mr.,Robert,Moore,"['Mr.', 'R', 'Moo']"
Stacey Bauer,0.9951493566608947,Stacey,Bauer,,"['Stacey', 'B', '']"
Beth Merritt,0.6498780576394535,Beth,Merritt,,"['Beth', 'M', '']"
Bradley Sanchez,0.43810008391450406,Bradley,Sanchez,,"['Bradley', 'S', '']"
Robert Rios,0.5175758410355906,Robert,Rios,,"['Robert', 'R', '']"
Alexa Flores,0.12100419586826572,Alexa,Flores,,"['Alexa', 'F', '']"
Lauren Cole,0.22469733703155736,Lauren,Cole,,"['Lauren', 'C', '']"
James Bowman,0.33808556214745533,James,Bowman,,"['James', 'B', '']"
Jessica Bass,0.5883087184572333,Jessica,Bass,,"['Jessica', 'B', '']"
Robert Snyder,0.230114732596577,Robert,Snyder,,"['Robert', 'S', '']"
Jeremy Hernandez,0.22021738445155947,Jeremy,Hernandez,,"['Jeremy', 'H', '']"
Angela Reed,0.07099308600903254,Angela,Reed,,"['Angela', 'R', '']"
Shawn Lang,0.6311029572700989,Shawn,Lang,,"['Shawn', 'L', '']"
Jacob Williams,0.22894178381115438,Jacob,Williams,,"['Jacob', 'W', '']"
Levi Price,0.905420013006128,Levi,Price,,"['Levi', 'P', '']"
Robin White,0.8596354002537465,Robin,White,,"['Robin', 'W', '']"
John Mendoza,0.07085734988865344,John,Mendoza,,"['John', 'M', '']"
Mr. Christopher Frank II,0.23800463436899522,Mr.,Christopher,Frank II,"['Mr.', 'C', 'Fra']"
Jeffery Garcia,0.6689777782962806,Jeffery,Garcia,,"['Jeffery', 'G', '']"
Thomas Baker,0.2142368073704386,Thomas,Baker,,"['Thomas', 'B', '']"
Cody Norman,0.132311848725025,Cody,Norman,,"['Cody', 'N', '']"
Erica Dominguez,0.935514240580671,Erica,Dominguez,,"['Erica', 'D', '']"
Elizabeth Velasquez,0.5710430933252845,Elizabeth,Velasquez,,"['Elizabeth', 'V', '']"
Lisa Morrison,0.47267102631179414,Lisa,Morrison,,"['Lisa', 'M', '']"
Robert Harper,0.7846194242907534,Robert,Harper,,"['Robert', 'H', '']"
Marcus Diaz,0.8074969977666434,Marcus,Diaz,,"['Marcus', 'D', '']"
Lisa Matthews,0.1904099143618777,Lisa,Matthews,,"['Lisa', 'M', '']"
Christina Daugherty,0.09693081422882333,Christina,Daugherty,,"['Christina', 'D', '']"
Shane Khan,0.4310511824063775,Shane,Khan,,"['Shane', 'K', '']"
Shelby Love,0.4235786230199208,Shelby,Love,,"['Shelby', 'L', '']"
Brenda Jackson,0.467024668036675,Brenda,Jackson,,"['Brenda', 'J', '']"
Melanie Johnson,0.7290758494598506,Melanie,Johnson,,"['Melanie', 'J', '']"
Amy Mora,0.6733645472933015,Amy,Mora,,"['Amy', 'M', '']"
David Thomas,0.9841652113659661,David,Thomas,,"['David', 'T', '']"
Todd Le,0.09841787115195888,Todd,Le,,"['Todd', 'L', '']"
Elizabeth Blake MD,0.4026212821022688,Elizabeth,Blake,MD,"['Elizabeth', 'B', 'MD']"
Timothy Fuentes,0.33930260539496315,Timothy,Fuentes,,"['Timothy', 'F', '']"
Jessica Lewis,0.8616725363527911,Jessica,Lewis,,"['Jessica', 'L', '']"
Matthew Pierce,0.24865633392028563,Matthew,Pierce,,"['Matthew', 'P', '']"
Mrs. Amanda Nelson DVM,0.1902089084408115,Mrs.,Amanda,Nelson DVM,"['Mrs.', 'A', 'Nel']"
Justin Wall,0.4486135478331319,Justin,Wall,,"['Justin', 'W', '']"
Teresa Barker,0.4218816398344042,Teresa,Barker,,"['Teresa', 'B', '']"
Eric Stewart,0.27854514466694047,Eric,Stewart,,"['Eric', 'S', '']"
Ryan Page,0.2498064478821005,Ryan,Page,,"['Ryan', 'P', '']"
Thomas Cruz,0.9232655992760128,Thomas,Cruz,,"['Thomas', 'C', '']"
Lauren Schneider,0.44313074505345695,Lauren,Schneider,,"['Lauren', 'S', '']"
Roger Porter,0.8613491047618306,Roger,Porter,,"['Roger', 'P', '']"
Justin Hill,0.5503253124498481,Justin,Hill,,"['Justin', 'H', '']"
Michael Owens,0.05058832952488124,Michael,Owens,,"['Michael', 'O', '']"
John Gould,0.9992824684127266,John,Gould,,"['John', 'G', '']"
Justin Olson,0.8360275850799519,Justin,Olson,,"['Justin', 'O', '']"
Stacy Spencer PhD,0.9689962572847513,Stacy,Spencer,PhD,"['Stacy', 'S', 'PhD']"
Brandon Herrera,0.9263669830081276,Brandon,Herrera,,"['Brandon', 'H', '']"
Ashley Green,0.8486957344143055,Ashley,Green,,"['Ashley', 'G', '']"
Rachel Hunter,0.16631111060391401,Rachel,Hunter,,"['Rachel', 'H', '']"
Troy Carter,0.48564112545071847,Troy,Carter,,"['Troy', 'C', '']"
Brianna Lewis,0.21374729919918167,Brianna,Lewis,,"['Brianna', 'L', '']"
William Smith,0.4010402925494526,William,Smith,,"['William', 'S', '']"
Jennifer Cervantes,0.058635399972178925,Jennifer,Cervantes,,"['Jennifer', 'C', '']"
Laura Martinez,0.3789731189769161,Laura,Martinez,,"['Laura', 'M', '']"
Alex Waller,0.9853088437797259,Alex,Waller,,"['Alex', 'W', '']"
Michael Chapman,0.26520305817215195,Michael,Chapman,,"['Michael', 'C', '']"
Justin Small,0.7840706019485694,Justin,Small,,"['Justin', 'S', '']"
Dennis Key,0.4550083673391433,Dennis,Key,,"['Dennis', 'K', '']"
Kimberly Williams,0.4230074859901629,Kimberly,Williams,,"['Kimberly', 'W', '']"
Dawn Vasquez,0.9573176408596732,Dawn,Vasquez,,"['Dawn', 'V', '']"
Nicholas Dixon,0.9954226894927138,Nicholas,Dixon,,"['Nicholas', 'D', '']"
Dustin Randolph,0.5557683234056182,Dustin,Randolph,,"['Dustin', 'R', '']"
Brandon Scott,0.718408275296326,Brandon,Scott,,"['Brandon', 'S', '']"
Patrick Maxwell,0.15479682527406413,Patrick,Maxwell,,"['Patrick', 'M', '']"
Amy Campos,0.2967078254945642,Amy,Campos,,"['Amy', 'C', '']"
Evan Simmons,0.9687093649691588,Evan,Simmons,,"['Evan', 'S', '']"
Deborah Mason,0.5791802908162562,Deborah,Mason,,"['Deborah', 'M', '']"
Marisa Woodward,0.5421952013742742,Marisa,Woodward,,"['Marisa', 'W', '']"
Justin Rogers,0.7479755603790641,Justin,Rogers,,"['Justin', 'R', '']"
Christian Schwartz,0.05716527290748308,Christian,Schwartz,,"['Christian', 'S', '']"
Sheila Davis,0.5841775944589712,Sheila,Davis,,"['Sheila', 'D', '']"
Leslie Lewis,0.5028503829195136,Leslie,Lewis,,"['Leslie', 'L', '']"
Katherine Davis,0.8527198920482854,Katherine,Davis,,"['Katherine', 'D', '']"
Christine Banks,0.15743272793948326,Christine,Banks,,"['Christine', 'B', '']"
George Pace,0.9607789032744504,George,Pace,,"['George', 'P', '']"
Jessica Collins,0.08011146524058688,Jessica,Collins,,"['Jessica', 'C', '']"
Mrs. Jaclyn Gomez,0.1858249609807232,Mrs.,Jaclyn,Gomez,"['Mrs.', 'J', 'Gom']"
Christopher Wright,0.5950351064500277,Christopher,Wright,,"['Christopher', 'W', '']"
Barbara Young,0.6752125536040902,Barbara,Young,,"['Barbara', 'Y', '']"
William Bailey,0.2352038950009312,William,Bailey,,"['William', 'B', '']"
Clinton Miles,0.11988661394712419,Clinton,Miles,,"['Clinton', 'M', '']"
Zachary Banks,0.8902873141294375,Zachary,Banks,,"['Zachary', 'B', '']"
Jessica Cervantes,0.24621534778862486,Jessica,Cervantes,,"['Jessica', 'C', '']"
Dustin Aguilar,0.5945191535334412,Dustin,Aguilar,,"['Dustin', 'A', '']"
Joseph Levy,0.6193815103321031,Joseph,Levy,,"['Joseph', 'L', '']"
Vanessa Harris,0.4192249153358725,Vanessa,Harris,,"['Vanessa', 'H', '']"
Cindy Taylor,0.5836722892912247,Cindy,Taylor,,"['Cindy', 'T', '']"
Amber Pierce,0.5227827155319589,Amber,Pierce,,"['Amber', 'P', '']"
Dakota Palmer,0.9347062577364272,Dakota,Palmer,,"['Dakota', 'P', '']"
Zachary Lopez,0.20425919942353643,Zachary,Lopez,,"['Zachary', 'L', '']"
Rebecca Holder,0.7161918007894148,Rebecca,Holder,,"['Rebecca', 'H', '']"
David Robinson,0.23868595261584602,David,Robinson,,"['David', 'R', '']"
Kaylee Moreno,0.3957858467912545,Kaylee,Moreno,,"['Kaylee', 'M', '']"
Teresa Holmes,0.6716902229599713,Teresa,Holmes,,"['Teresa', 'H', '']"
Adam Davenport,0.2999970797987622,Adam,Davenport,,"['Adam', 'D', '']"
Thomas Collins,0.31617719627185403,Thomas,Collins,,"['Thomas', 'C', '']"
David Wu,0.7518644924144021,David,Wu,,"['David', 'W', '']"
Eric Rodriguez,0.07254311449315731,Eric,Rodriguez,,"['Eric', 'R', '']"
Sharon Barnes,0.4582855226185861,Sharon,Barnes,,"['Sharon', 'B', '']"
Luis Rogers,0.9984544408544423,Luis,Rogers,,"['Luis', 'R', '']"
Tracy Day,0.9960964478550944,Tracy,Day,,"['Tracy', 'D', '']"
Steven Pena,0.073260721099633,Steven,Pena,,"['Steven', 'P', '']"
Mary Robbins,0.2131543122670404,Mary,Robbins,,"['Mary', 'R', '']"
Cassie Moore,0.26520041475040135,Cassie,Moore,,"['Cassie', 'M', '']"
Jennifer Strong,0.9332593779937091,Jennifer,Strong,,"['Jennifer', 'S', '']"
Anthony Warren,0.8808641736864395,Anthony,Warren,,"['Anthony', 'W', '']"
Michael Barajas,0.8792702424845428,Michael,Barajas,,"['Michael', 'B', '']"
Melissa Bell,0.36952708873888396,Melissa,Bell,,"['Melissa', 'B', '']"
Vincent Anderson,0.15774683235723197,Vincent,Anderson,,"['Vincent', 'A', '']"
Victoria West,0.833744954639807,Victoria,West,,"['Victoria', 'W', '']"
Colin Fleming,0.703539925087371,Colin,Fleming,,"['Colin', 'F', '']"
Jennifer Mejia,0.6116777657259501,Jennifer,Mejia,,"['Jennifer', 'M', '']"
Lisa Gardner,0.9872330636315043,Lisa,Gardner,,"['Lisa', 'G', '']"
Daniel Robertson,0.6539763177107326,Daniel,Robertson,,"['Daniel', 'R', '']"
Kathryn Collins,0.007823107152157949,Kathryn,Collins,,"['Kathryn', 'C', '']"
William Stein,0.8171041351154616,William,Stein,,"['William', 'S', '']"
Karen Wallace,0.2993787521999779,Karen,Wallace,,"['Karen', 'W', '']"
Austin Clark,0.6633887149660773,Austin,Clark,,"['Austin', 'C', '']"
Michael Parsons,0.9389300039271039,Michael,Parsons,,"['Michael', 'P', '']"
Kristin Gibson,0.13429111439336772,Kristin,Gibson,,"['Kristin', 'G', '']"
Brian Harris,0.11542867041910221,Brian,Harris,,"['Brian', 'H', '']"
Michael Peterson,0.10703597770941764,Michael,Peterson,,"['Michael', 'P', '']"
Rachel Salazar,0.5532236408848159,Rachel,Salazar,,"['Rachel', 'S', '']"
Annette Andrews,0.2723482123148163,Annette,Andrews,,"['Annette', 'A', '']"
Stephanie Pearson,0.6048298270302239,Stephanie,Pearson,,"['Stephanie', 'P', '']"
Heather Davis,0.7176121871387979,Heather,Davis,,"['Heather', 'D', '']"
Chelsea Trevino,0.20359731232745293,Chelsea,Trevino,,"['Chelsea', 'T', '']"
Frank Rose,0.6342379588850797,Frank,Rose,,"['Frank', 'R', '']"
David Armstrong,0.2639839016304094,David,Armstrong,,"['David', 'A', '']"
Joy Henderson,0.48853185214937656,Joy,Henderson,,"['Joy', 'H', '']"
Cheryl Vincent,0.9053364910793232,Cheryl,Vincent,,"['Cheryl', 'V', '']"
Joshua Cobb,0.8461037132948555,Joshua,Cobb,,"['Joshua', 'C', '']"
William Cooper,0.09229846771273342,William,Cooper,,"['William', 'C', '']"
Carl Jones,0.42357577256372636,Carl,Jones,,"['Carl', 'J', '']"
Daniel Becker,0.27668022397225167,Daniel,Becker,,"['Daniel', 'B', '']"
Ashlee Oliver,0.0035456890877823,Ashlee,Oliver,,"['Ashlee', 'O', '']"
Bill Clark,0.7711192230196271,Bill,Clark,,"['Bill', 'C', '']"
Michelle White,0.6371133773013796,Michelle,White,,"['Michelle', 'W', '']"
Cassandra Williams,0.2619552624343482,Cassandra,Williams,,"['Cassandra', 'W', '']"
Rachel Shelton,0.7412309083479308,Rachel,Shelton,,"['Rachel', 'S', '']"
Annette Christensen,0.5516804211263913,Annette,Christensen,,"['Annette', 'C', '']"
Amanda Day,0.42768691898067934,Amanda,Day,,"['Amanda', 'D', '']"
Jenna Day,0.009669699608339966,Jenna,Day,,"['Jenna', 'D', '']"
Corey Peters,0.07524386007376704,Corey,Peters,,"['Corey', 'P', '']"
Julie Kennedy,0.883106393300143,Julie,Kennedy,,"['Julie', 'K', '']"
Jay Martin,0.9039285715598931,Jay,Martin,,"['Jay', 'M', '']"
David Morrison,0.5455902892055223,David,Morrison,,"['David', 'M', '']"
Reginald Henry,0.8345950198860167,Reginald,Henry,,"['Reginald', 'H', '']"
Kristen Brown,0.582509566489794,Kristen,Brown,,"['Kristen', 'B', '']"
Susan Jackson,0.14809378556748265,Susan,Jackson,,"['Susan', 'J', '']"
Lee Lopez,0.12744551928213876,Lee,Lopez,,"['Lee', 'L', '']"
Harold Hayes,0.3082583499301337,Harold,Hayes,,"['Harold', 'H', '']"
William Williams,0.89898148874259,William,Williams,,"['William', 'W', '']"
Heidi Howard,0.7961223048880417,Heidi,Howard,,"['Heidi', 'H', '']"
Gwendolyn Lopez,0.8607025820009028,Gwendolyn,Lopez,,"['Gwendolyn', 'L', '']"
Thomas White,0.8989246365264746,Thomas,White,,"['Thomas', 'W', '']"
Christian Jimenez,0.21007653833975404,Christian,Jimenez,,"['Christian', 'J', '']"
Melissa Swanson,0.24952973922292443,Melissa,Swanson,,"['Melissa', 'S', '']"
Timothy Gray,0.10279362167178563,Timothy,Gray,,"['Timothy', 'G', '']"
Bobby Berry,0.7801162418714427,Bobby,Berry,,"['Bobby', 'B', '']"
Frank Mendez,0.8841347014510089,Frank,Mendez,,"['Frank', 'M', '']"
James White,0.4063773898321168,James,White,,"['James', 'W', '']"
Kevin Williams,0.6206615101507128,Kevin,Williams,,"['Kevin', 'W', '']"
Donald Jones,0.15455333833220464,Donald,Jones,,"['Donald', 'J', '']"
Devin Ho,0.9298810156936744,Devin,Ho,,"['Devin', 'H', '']"
Shawn Dickerson,0.864605696219964,Shawn,Dickerson,,"['Shawn', 'D', '']"
Eric Preston,0.9762060329309629,Eric,Preston,,"['Eric', 'P', '']"
Sarah Kaiser,0.8107717199403969,Sarah,Kaiser,,"['Sarah', 'K', '']"
Benjamin Johnson,0.8814162046633244,Benjamin,Johnson,,"['Benjamin', 'J', '']"
Erica Harris,0.024786361898188725,Erica,Harris,,"['Erica', 'H', '']"
Lydia Vincent,0.7365644717550821,Lydia,Vincent,,"['Lydia', 'V', '']"
Anthony Aguirre,0.33218546794642867,Anthony,Aguirre,,"['Anthony', 'A', '']"
Christopher Hill,0.9308158860483255,Christopher,Hill,,"['Christopher', 'H', '']"
Keith Owens,0.8022351389371389,Keith,Owens,,"['Keith', 'O', '']"
Kimberly Jacobson,0.8640640283752794,Kimberly,Jacobson,,"['Kimberly', 'J', '']"
Angela Wallace,0.810749316574389,Angela,Wallace,,"['Angela', 'W', '']"
Mary Thomas,0.26680570959447203,Mary,Thomas,,"['Mary', 'T', '']"
Kellie Mcpherson,0.7873745091354711,Kellie,Mcpherson,,"['Kellie', 'M', '']"
Latoya Giles,0.10809562640295711,Latoya,Giles,,"['Latoya', 'G', '']"
Lisa Baker,0.8721667829060897,Lisa,Baker,,"['Lisa', 'B', '']"
Kimberly Perez,0.8585932513377816,Kimberly,Perez,,"['Kimberly', 'P', '']"
Danielle Johnson,0.22243371754566443,Danielle,Johnson,,"['Danielle', 'J', '']"
Joshua Clark,0.816586605596929,Joshua,Clark,,"['Joshua', 'C', '']"
Erica Scott,0.4603032346789421,Erica,Scott,,"['Erica', 'S', '']"
Adam James,0.30519086733860057,Adam,James,,"['Adam', 'J', '']"
Kristen Adams,0.7953454991528618,Kristen,Adams,,"['Kristen', 'A', '']"
Bryan Collins,0.22759548740777036,Bryan,Collins,,"['Bryan', 'C', '']"
Matthew Lawson,0.02366443470145152,Matthew,Lawson,,"['Matthew', 'L', '']"
Arthur Williams,0.19312978832770866,Arthur,Williams,,"['Arthur', 'W', '']"
Michael Michael,0.3282619511977065,Michael,Michael,,"['Michael', 'M', '']"
John Wood,0.8643529420302863,John,Wood,,"['John', 'W', '']"
Amanda Weber,0.9668891040483611,Amanda,Weber,,"['Amanda', 'W', '']"
Lindsey Davies,0.2791249927218714,Lindsey,Davies,,"['Lindsey', 'D', '']"
Renee Scott,0.6414817386076277,Renee,Scott,,"['Renee', 'S', '']"
Lisa Wilson,0.39967838436006087,Lisa,Wilson,,"['Lisa', 'W', '']"
Scott Hernandez,0.9811496871982601,Scott,Hernandez,,"['Scott', 'H', '']"
Katherine Williams,0.5362157324787219,Katherine,Williams,,"['Katherine', 'W', '']"
Andrea Evans,0.9392371403247157,Andrea,Evans,,"['Andrea', 'E', '']"
Ryan Bradshaw,0.11534175185142759,Ryan,Bradshaw,,"['Ryan', 'B', '']"
Justin Meza,0.970400611022228,Justin,Meza,,"['Justin', 'M', '']"
Marvin Mcdonald,0.17856781617246364,Marvin,Mcdonald,,"['Marvin', 'M', '']"
Terri Peters,0.9625343157615555,Terri,Peters,,"['Terri', 'P', '']"
Linda Huff,0.2654663625229686,Linda,Huff,,"['Linda', 'H', '']"
Erica Gutierrez,0.1084025472147111,Erica,Gutierrez,,"['Erica', 'G', '']"
Joseph Santos,0.43456375856464435,Joseph,Santos,,"['Joseph', 'S', '']"
Ariel Lowery,0.7285450606527043,Ariel,Lowery,,"['Ariel', 'L', '']"
Lisa Tapia,0.31367731419499123,Lisa,Tapia,,"['Lisa', 'T', '']"
Erika Moore,0.6062088533061433,Erika,Moore,,"['Erika', 'M', '']"
Peter Klein,0.5114230596694781,Peter,Klein,,"['Peter', 'K', '']"
Vincent Collins,0.38519543334472717,Vincent,Collins,,"['Vincent', 'C', '']"
Jay Eaton,0.5765880434965995,Jay,Eaton,,"['Jay', 'E', '']"
Ashley Black,0.25472250613858194,Ashley,Black,,"['Ashley', 'B', '']"
Melanie Davidson,0.7087852838341706,Melanie,Davidson,,"['Melanie', 'D', '']"
Felicia Mora,0.0016912782186294661,Felicia,Mora,,"['Felicia', 'M', '']"
Noah May,0.9255751654990827,Noah,May,,"['Noah', 'M', '']"
Tyler Flowers,0.5384519970927919,Tyler,Flowers,,"['Tyler', 'F', '']"
Jennifer Jones,0.7194299991448455,Jennifer,Jones,,"['Jennifer', 'J', '']"
Kara Wise,0.7419500778394765,Kara,Wise,,"['Kara', 'W', '']"
Kimberly Smith,0.6706285044329995,Kimberly,Smith,,"['Kimberly', 'S', '']"
Maxwell Roberts,0.3642214717812642,Maxwell,Roberts,,"['Maxwell', 'R', '']"
Margaret Thomas,0.06997381112631018,Margaret,Thomas,,"['Margaret', 'T', '']"
William Ramsey,0.6642376849112723,William,Ramsey,,"['William', 'R', '']"
Brian Lopez,0.3302000360425964,Brian,Lopez,,"['Brian', 'L', '']"
Rachel Davis,0.31391564505835967,Rachel,Davis,,"['Rachel', 'D', '']"
Robert Guerrero,0.8480152795063355,Robert,Guerrero,,"['Robert', 'G', '']"
Pamela Gallagher,0.7197542630139502,Pamela,Gallagher,,"['Pamela', 'G', '']"
Charles Gonzalez,0.3003222682112642,Charles,Gonzalez,,"['Charles', 'G', '']"
James Harris,0.30928466220865325,James,Harris,,"['James', 'H', '']"
Timothy Smith,0.40839290861921684,Timothy,Smith,,"['Timothy', 'S', '']"
Andrew Alexander,0.40240038705772463,Andrew,Alexander,,"['Andrew', 'A', '']"
Jon Vincent,0.295655202525947,Jon,Vincent,,"['Jon', 'V', '']"
Christian Ellis,0.12728779905915322,Christian,Ellis,,"['Christian', 'E', '']"
Leonard Wilson,0.4204463337729083,Leonard,Wilson,,"['Leonard', 'W', '']"
Brian Mckay,0.940363670730183,Brian,Mckay,,"['Brian', 'M', '']"
Martin Beck,0.6773179452727329,Martin,Beck,,"['Martin', 'B', '']"
Craig Martinez,0.9028055457325826,Craig,Martinez,,"['Craig', 'M', '']"
Jennifer Pineda,0.6155149159513805,Jennifer,Pineda,,"['Jennifer', 'P', '']"
Mrs. Rebecca Byrd,0.3009498745655653,Mrs.,Rebecca,Byrd,"['Mrs.', 'R', 'Byr']"
Kyle Miller,0.5479372131356982,Kyle,Miller,,"['Kyle', 'M', '']"
Nathan Mcgee,0.0004059396972875273,Nathan,Mcgee,,"['Nathan', 'M', '']"
Amber Alexander,0.2869137168689272,Amber,Alexander,,"['Amber', 'A', '']"
Mary Hill,0.4298881499898346,Mary,Hill,,"['Mary', 'H', '']"
Spencer Henry,0.579984781195682,Spencer,Henry,,"['Spencer', 'H', '']"
Jason Hanson,0.6547056237030716,Jason,Hanson,,"['Jason', 'H', '']"
Veronica Barnes,0.4649881902470142,Veronica,Barnes,,"['Veronica', 'B', '']"
Jennifer Stephens,0.4421597993048074,Jennifer,Stephens,,"['Jennifer', 'S', '']"
Janet Mccarthy,0.2137014009891003,Janet,Mccarthy,,"['Janet', 'M', '']"
Kathleen Rowe,0.47318618590932626,Kathleen,Rowe,,"['Kathleen', 'R', '']"
Dr. Eric Morris,0.9011808258282542,Dr.,Eric,Morris,"['Dr.', 'E', 'Mor']"
Ronald Young,0.7960247601267803,Ronald,Young,,"['Ronald', 'Y', '']"
Juan Newton,0.16969139619805473,Juan,Newton,,"['Juan', 'N', '']"
Paul Hernandez,0.08479553672512175,Paul,Hernandez,,"['Paul', 'H', '']"
Kevin Avila,0.5154520099152164,Kevin,Avila,,"['Kevin', 'A', '']"
Peter Smith,0.6329408557657957,Peter,Smith,,"['Peter', 'S', '']"
Christopher Carney,0.3351882554098009,Christopher,Carney,,"['Christopher', 'C', '']"
Christopher Douglas,0.8184234645366643,Christopher,Douglas,,"['Christopher', 'D', '']"
Kyle Murphy,0.7511381375407322,Kyle,Murphy,,"['Kyle', 'M', '']"
Eric Simpson,0.672795670557167,Eric,Simpson,,"['Eric', 'S', '']"
Edward Oneill,0.22464066599728827,Edward,Oneill,,"['Edward', 'O', '']"
Savannah Peterson,0.19912993272657664,Savannah,Peterson,,"['Savannah', 'P', '']"
Sarah Koch,0.024425387726826342,Sarah,Koch,,"['Sarah', 'K', '']"
Stacey Hansen,0.24484254407835015,Stacey,Hansen,,"['Stacey', 'H', '']"
James Greene,0.47513634421880513,James,Greene,,"['James', 'G', '']"
Janet Owens,0.8497376946247319,Janet,Owens,,"['Janet', 'O', '']"
Eric Baker,0.0728282291845691,Eric,Baker,,"['Eric', 'B', '']"
Susan Little,0.41444101099771935,Susan,Little,,"['Susan', 'L', '']"
Jason Wallace,0.6297653807377137,Jason,Wallace,,"['Jason', 'W', '']"
Leroy Hester,0.1944352367397093,Leroy,Hester,,"['Leroy', 'H', '']"
Gregory Cruz,0.6963542504905049,Gregory,Cruz,,"['Gregory', 'C', '']"
Cory Friedman,0.49437716901043693,Cory,Friedman,,"['Cory', 'F', '']"
Amber Martin,0.24398443957843885,Amber,Martin,,"['Amber', 'M', '']"
Kenneth Wolfe,0.6560580111117841,Kenneth,Wolfe,,"['Kenneth', 'W', '']"
Nicholas Garza,0.00554481813803176,Nicholas,Garza,,"['Nicholas', 'G', '']"
Michael Rogers,0.7509644766184729,Michael,Rogers,,"['Michael', 'R', '']"
Karen Hart,0.7700461885740251,Karen,Hart,,"['Karen', 'H', '']"
Michael Maxwell,0.10658729656353894,Michael,Maxwell,,"['Michael', 'M', '']"
Shelly Gardner,0.4251461939427341,Shelly,Gardner,,"['Shelly', 'G', '']"
Jesse Cross,0.17588668170653166,Jesse,Cross,,"['Jesse', 'C', '']"
William Carter,0.9579660422795397,William,Carter,,"['William', 'C', '']"
Nicholas Brown,0.5179577504437408,Nicholas,Brown,,"['Nicholas', 'B', '']"
James Campbell,0.05021838514064092,James,Campbell,,"['James', 'C', '']"
Kevin Lopez,0.24919827965997166,Kevin,Lopez,,"['Kevin', 'L', '']"
Michael Davenport,0.8483363473516597,Michael,Davenport,,"['Michael', 'D', '']"
Kristina Barber,0.45646182547017256,Kristina,Barber,,"['Kristina', 'B', '']"
Daniel Finley,0.8014166017222645,Daniel,Finley,,"['Daniel', 'F', '']"
Steven Perez,0.6675777325863531,Steven,Perez,,"['Steven', 'P', '']"
Kristopher Williams,0.987892453066448,Kristopher,Williams,,"['Kristopher', 'W', '']"
John Moran,0.5954523184694197,John,Moran,,"['John', 'M', '']"
Richard Hull,0.9500396084431559,Richard,Hull,,"['Richard', 'H', '']"
Lauren Soto,0.891425925810437,Lauren,Soto,,"['Lauren', 'S', '']"
James Jackson,0.6126523227617628,James,Jackson,,"['James', 'J', '']"
Kristen Kelly,0.7192739612759671,Kristen,Kelly,,"['Kristen', 'K', '']"
Jennifer Clark,0.504778164824402,Jennifer,Clark,,"['Jennifer', 'C', '']"
Denise Mitchell,0.830569169721415,Denise,Mitchell,,"['Denise', 'M', '']"
Dr. Amanda Ward,0.5478719506108284,Dr.,Amanda,Ward,"['Dr.', 'A', 'War']"
Ashley Sanders,0.8972081032332622,Ashley,Sanders,,"['Ashley', 'S', '']"
Samantha Shannon,0.7436554421595849,Samantha,Shannon,,"['Samantha', 'S', '']"
Christopher Kelly,0.4746744368230533,Christopher,Kelly,,"['Christopher', 'K', '']"
Elizabeth Gomez DVM,0.25919154846501935,Elizabeth,Gomez,DVM,"['Elizabeth', 'G', 'DVM']"
Daniel Tucker,0.24723973750965955,Daniel,Tucker,,"['Daniel', 'T', '']"
Shelby Garrett,0.6376614367761563,Shelby,Garrett,,"['Shelby', 'G', '']"
Leslie Miller,0.7658136842971655,Leslie,Miller,,"['Leslie', 'M', '']"
Victoria Griffin,0.5212998128279821,Victoria,Griffin,,"['Victoria', 'G', '']"
Amanda Patterson,0.6267484369817813,Amanda,Patterson,,"['Amanda', 'P', '']"
Pamela Small,0.2745974469175383,Pamela,Small,,"['Pamela', 'S', '']"
Sara Small,0.07748335386473582,Sara,Small,,"['Sara', 'S', '']"
Alicia Floyd,0.2857281508631525,Alicia,Floyd,,"['Alicia', 'F', '']"
Taylor Doyle,0.2717151070821846,Taylor,Doyle,,"['Taylor', 'D', '']"
Rebekah Golden,0.3197095684187623,Rebekah,Golden,,"['Rebekah', 'G', '']"
Sheri Gordon,0.5401522225184564,Sheri,Gordon,,"['Sheri', 'G', '']"
Timothy Hines,0.13837406151615572,Timothy,Hines,,"['Timothy', 'H', '']"
Chase Mendez,0.23126147972818678,Chase,Mendez,,"['Chase', 'M', '']"
Joshua Long,0.6939498122990523,Joshua,Long,,"['Joshua', 'L', '']"
Candice Dean,0.7064191416945522,Candice,Dean,,"['Candice', 'D', '']"
Renee Foley,0.06422885071387807,Renee,Foley,,"['Renee', 'F', '']"
Tristan Nichols,0.4075993696665867,Tristan,Nichols,,"['Tristan', 'N', '']"
John Cardenas,0.5426111405039153,John,Cardenas,,"['John', 'C', '']"
Luis Jennings,0.41577423410315595,Luis,Jennings,,"['Luis', 'J', '']"
Gregory Pierce,0.20683438951441024,Gregory,Pierce,,"['Gregory', 'P', '']"
Hannah Brown,0.4201435177734256,Hannah,Brown,,"['Hannah', 'B', '']"
Danny Hill,0.9048384783401769,Danny,Hill,,"['Danny', 'H', '']"
Amanda Kelly,0.5840794142042252,Amanda,Kelly,,"['Amanda', 'K', '']"
James Cooper,0.6955229864979681,James,Cooper,,"['James', 'C', '']"
Andrew Gross,0.8567320323039342,Andrew,Gross,,"['Andrew', 'G', '']"
Melinda Waller,0.7655945761180695,Melinda,Waller,,"['Melinda', 'W', '']"
Carl Frazier,0.38038102892771164,Carl,Frazier,,"['Carl', 'F', '']"
David Gonzalez,0.0058960835839930725,David,Gonzalez,,"['David', 'G', '']"
Cynthia Briggs,0.3517588026718247,Cynthia,Briggs,,"['Cynthia', 'B', '']"
Tracy Woodard,0.7534751250593859,Tracy,Woodard,,"['Tracy', 'W', '']"
Matthew Williams,0.8534479505691046,Matthew,Williams,,"['Matthew', 'W', '']"
Adrian Nunez,0.9534303384701063,Adrian,Nunez,,"['Adrian', 'N', '']"
Taylor Clark,0.41902128262982186,Taylor,Clark,,"['Taylor', 'C', '']"
David Tyler,0.7475156689780508,David,Tyler,,"['David', 'T', '']"
Lauren Terrell,0.5461323097338391,Lauren,Terrell,,"['Lauren', 'T', '']"
Samantha Lane,0.6032525889412413,Samantha,Lane,,"['Samantha', 'L', '']"
Julian Nelson,0.2205386943238189,Julian,Nelson,,"['Julian', 'N', '']"
Renee Walton,0.21942163462143616,Renee,Walton,,"['Renee', 'W', '']"
Edward Ford,0.4358359760466366,Edward,Ford,,"['Edward', 'F', '']"
Peter Snyder,0.02902481994671524,Peter,Snyder,,"['Peter', 'S', '']"
John Mendez,0.33612954369838244,John,Mendez,,"['John', 'M', '']"
Victoria Gordon,0.6791418850283497,Victoria,Gordon,,"['Victoria', 'G', '']"
Melissa Rogers,0.4043166691376371,Melissa,Rogers,,"['Melissa', 'R', '']"
Anthony Montgomery,0.16504473120350882,Anthony,Montgomery,,"['Anthony', 'M', '']"
Angelica Turner,0.46739014923231015,Angelica,Turner,,"['Angelica', 'T', '']"
Daniel Washington,0.1276277972811607,Daniel,Washington,,"['Daniel', 'W', '']"
Garrett Dawson,0.6222569609740647,Garrett,Dawson,,"['Garrett', 'D', '']"
Kenneth Wiley,0.02696645190513769,Kenneth,Wiley,,"['Kenneth', 'W', '']"
Jordan Duran,0.3940202563397047,Jordan,Duran,,"['Jordan', 'D', '']"
Gerald Romero,0.5643919830247741,Gerald,Romero,,"['Gerald', 'R', '']"
Jeffrey Murray,0.027102046340312436,Jeffrey,Murray,,"['Jeffrey', 'M', '']"
Robert Leach,0.6427496480093358,Robert,Leach,,"['Robert', 'L', '']"
Tabitha Wyatt,0.13569948723056424,Tabitha,Wyatt,,"['Tabitha', 'W', '']"
Anita Welch,0.4616984440515117,Anita,Welch,,"['Anita', 'W', '']"
Monica Johnson,0.05028463348862755,Monica,Johnson,,"['Monica', 'J', '']"
Elizabeth Romero,0.37910386418813957,Elizabeth,Romero,,"['Elizabeth', 'R', '']"
Angela Maxwell,0.21166028421148153,Angela,Maxwell,,"['Angela', 'M', '']"
Kristine Thomas,0.32684580488130854,Kristine,Thomas,,"['Kristine', 'T', '']"
Annette Huerta,0.7612297078940271,Annette,Huerta,,"['Annette', 'H', '']"
Rodney Drake,0.3791262155641363,Rodney,Drake,,"['Rodney', 'D', '']"
Randy Patterson,0.7520098235547849,Randy,Patterson,,"['Randy', 'P', '']"
Patricia Branch,0.8319242851552726,Patricia,Branch,,"['Patricia', 'B', '']"
Patrick Garcia,0.2522715317823806,Patrick,Garcia,,"['Patrick', 'G', '']"
Kevin Nichols,0.08190623276164255,Kevin,Nichols,,"['Kevin', 'N', '']"
Jessica Fox,0.01938328705001069,Jessica,Fox,,"['Jessica', 'F', '']"
Miss Rhonda Rocha,0.5394190479225337,Miss,Rhonda,Rocha,"['Miss', 'R', 'Roc']"
Debra Erickson,0.9999078285092092,Debra,Erickson,,"['Debra', 'E', '']"
Sandra Colon,0.3499603437201839,Sandra,Colon,,"['Sandra', 'C', '']"
Shannon Brown,0.650144093249875,Shannon,Brown,,"['Shannon', 'B', '']"
Breanna Paul,0.7812330496108949,Breanna,Paul,,"['Breanna', 'P', '']"
Jonathan Pacheco,0.6517546552438894,Jonathan,Pacheco,,"['Jonathan', 'P', '']"
James Knight,0.7542332040595262,James,Knight,,"['James', 'K', '']"
Carrie Thomas,0.9496117327159889,Carrie,Thomas,,"['Carrie', 'T', '']"
Tracy Rodgers,0.1993606823625329,Tracy,Rodgers,,"['Tracy', 'R', '']"
Makayla Carroll,0.020380017320332344,Makayla,Carroll,,"['Makayla', 'C', '']"
Brooke Brooks,0.15238234578479037,Brooke,Brooks,,"['Brooke', 'B', '']"
Alexander Watkins,0.12622097487420625,Alexander,Watkins,,"['Alexander', 'W', '']"
Jared Fleming,0.6694588446199107,Jared,Fleming,,"['Jared', 'F', '']"
Alexandria Smith,0.5639695819300191,Alexandria,Smith,,"['Alexandria', 'S', '']"
Ms. Gabriela Graham MD,0.21796454090650363,Ms.,Gabriela,Graham MD,"['Ms.', 'G', 'Gra']"
Ashley Payne,0.6994649712461508,Ashley,Payne,,"['Ashley', 'P', '']"
Robert Patton,0.7668980983562408,Robert,Patton,,"['Robert', 'P', '']"
Patricia Williams,0.16778914336780226,Patricia,Williams,,"['Patricia', 'W', '']"
Laura Mitchell,0.6072474938909317,Laura,Mitchell,,"['Laura', 'M', '']"
Spencer King,0.7479256519552858,Spencer,King,,"['Spencer', 'K', '']"
Michael Davis,0.11453287137889767,Michael,Davis,,"['Michael', 'D', '']"
Justin Cooper,0.8193011743110851,Justin,Cooper,,"['Justin', 'C', '']"
Michael Anderson,0.9647207730340877,Michael,Anderson,,"['Michael', 'A', '']"
Brenda Huff,0.10809874965760657,Brenda,Huff,,"['Brenda', 'H', '']"
Chelsea Cohen,0.025678425497466018,Chelsea,Cohen,,"['Chelsea', 'C', '']"
Anthony Williams,0.3119572443946952,Anthony,Williams,,"['Anthony', 'W', '']"
Angel Dickerson,0.6773472868504088,Angel,Dickerson,,"['Angel', 'D', '']"
Thomas Ball,0.9581728382058959,Thomas,Ball,,"['Thomas', 'B', '']"
Donald Drake,0.3966544415166273,Donald,Drake,,"['Donald', 'D', '']"
Nicole Mccullough,0.7150147050494684,Nicole,Mccullough,,"['Nicole', 'M', '']"
Cynthia Jones,0.07599647784305996,Cynthia,Jones,,"['Cynthia', 'J', '']"
Karen Rodriguez,0.6906144159329803,Karen,Rodriguez,,"['Karen', 'R', '']"
Edgar Wilson,0.6272423956010444,Edgar,Wilson,,"['Edgar', 'W', '']"
David Harrison,0.10190130544597653,David,Harrison,,"['David', 'H', '']"
Karen Swanson,0.772480884951224,Karen,Swanson,,"['Karen', 'S', '']"
Kristin Cabrera,0.8502932390887963,Kristin,Cabrera,,"['Kristin', 'C', '']"
Shaun Jackson,0.6004116148168441,Shaun,Jackson,,"['Shaun', 'J', '']"
Taylor Pope,0.12105506506731512,Taylor,Pope,,"['Taylor', 'P', '']"
Keith Patrick,0.9838443515146713,Keith,Patrick,,"['Keith', 'P', '']"
Jennifer Walter,0.7826353463610196,Jennifer,Walter,,"['Jennifer', 'W', '']"
Christopher Wilcox,0.347203765308449,Christopher,Wilcox,,"['Christopher', 'W', '']"
Dawn Anderson,0.42837801323474445,Dawn,Anderson,,"['Dawn', 'A', '']"
Pamela Williams MD,0.3705708762180562,Pamela,Williams,MD,"['Pamela', 'W', 'MD']"
Trevor Keller,0.5059607896770779,Trevor,Keller,,"['Trevor', 'K', '']"
Shannon Wheeler,0.3412311748612832,Shannon,Wheeler,,"['Shannon', 'W', '']"
Linda Miller,0.8495756269995773,Linda,Miller,,"['Linda', 'M', '']"
Dana Hall,0.8223309180900581,Dana,Hall,,"['Dana', 'H', '']"
David Lin,0.10553887064399858,David,Lin,,"['David', 'L', '']"
Robert Cooper,0.9607875672145786,Robert,Cooper,,"['Robert', 'C', '']"
Michelle Hampton,0.6355851061014459,Michelle,Hampton,,"['Michelle', 'H', '']"
Melanie Clements,0.8287073110024582,Melanie,Clements,,"['Melanie', 'C', '']"
Curtis Allen,0.7073086437060769,Curtis,Allen,,"['Curtis', 'A', '']"
Julie White,0.43548714500767705,Julie,White,,"['Julie', 'W', '']"
Charles Robinson,0.7337953040133919,Charles,Robinson,,"['Charles', 'R', '']"
Francis Gregory,0.9654737312380777,Francis,Gregory,,"['Francis', 'G', '']"
Shane Dixon,0.27008239638740084,Shane,Dixon,,"['Shane', 'D', '']"
Aaron Stewart,0.8081992188067559,Aaron,Stewart,,"['Aaron', 'S', '']"
Megan Savage,0.5381729064482558,Megan,Savage,,"['Megan', 'S', '']"
Jessica Castillo,0.4834975038831961,Jessica,Castillo,,"['Jessica', 'C', '']"
Joel Franklin,0.4355744930038943,Joel,Franklin,,"['Joel', 'F', '']"
Amanda Kelley,0.7310262143051223,Amanda,Kelley,,"['Amanda', 'K', '']"
Brittney Green,0.26839553804922534,Brittney,Green,,"['Brittney', 'G', '']"
Jennifer Hutchinson,0.8517131600193318,Jennifer,Hutchinson,,"['Jennifer', 'H', '']"
Michael Lawson,0.8307310188906034,Michael,Lawson,,"['Michael', 'L', '']"
Aaron Lopez,0.0866628980556744,Aaron,Lopez,,"['Aaron', 'L', '']"
Mario Morse,0.881631184002772,Mario,Morse,,"['Mario', 'M', '']"
Jeffrey Hall,0.243863439190956,Jeffrey,Hall,,"['Jeffrey', 'H', '']"
Casey Warner,0.46470846660323173,Casey,Warner,,"['Casey', 'W', '']"
Tim Pham,0.6103317042305206,Tim,Pham,,"['Tim', 'P', '']"
Matthew Farley,0.37898930412826404,Matthew,Farley,,"['Matthew', 'F', '']"
Erik Mullen,0.02869999777008958,Erik,Mullen,,"['Erik', 'M', '']"
Bryan Walker,0.8509528363124591,Bryan,Walker,,"['Bryan', 'W', '']"
Darryl Cochran,0.1818398571576918,Darryl,Cochran,,"['Darryl', 'C', '']"
Jennifer Brown,0.212119850179739,Jennifer,Brown,,"['Jennifer', 'B', '']"
Jay Jones,0.7978323568280965,Jay,Jones,,"['Jay', 'J', '']"
Melissa Santos,0.34033884316428364,Melissa,Santos,,"['Melissa', 'S', '']"
Stacey Jones,0.8803199797582254,Stacey,Jones,,"['Stacey', 'J', '']"
Lindsay Dennis,0.7011837503322016,Lindsay,Dennis,,"['Lindsay', 'D', '']"
Brandon Ford,0.2762685757561849,Brandon,Ford,,"['Brandon', 'F', '']"
Courtney Smith,0.010151114438677111,Courtney,Smith,,"['Courtney', 'S', '']"
Preston Murphy,0.9480625777770312,Preston,Murphy,,"['Preston', 'M', '']"
Beth Hudson,0.08561296195802126,Beth,Hudson,,"['Beth', 'H', '']"
Stephanie Riley,0.7200746641041943,Stephanie,Riley,,"['Stephanie', 'R', '']"
Alyssa Dean,0.48857784684878736,Alyssa,Dean,,"['Alyssa', 'D', '']"
Christopher Harris,0.7581646534824664,Christopher,Harris,,"['Christopher', 'H', '']"
Jason Ward,0.690609339446523,Jason,Ward,,"['Jason', 'W', '']"
Kristin Jackson,0.6459028997409523,Kristin,Jackson,,"['Kristin', 'J', '']"
Paul Johnson,0.49082133507858616,Paul,Johnson,,"['Paul', 'J', '']"
Lucas Keith,0.7929328681323174,Lucas,Keith,,"['Lucas', 'K', '']"
Jesse Garza,0.09305335055467168,Jesse,Garza,,"['Jesse', 'G', '']"
Sarah Farmer,0.22159640047253015,Sarah,Farmer,,"['Sarah', 'F', '']"
Ashley Soto,0.6917871552952018,Ashley,Soto,,"['Ashley', 'S', '']"
John Sawyer,0.3062060301300884,John,Sawyer,,"['John', 'S', '']"
Donna Miller,0.5815555853323672,Donna,Miller,,"['Donna', 'M', '']"
April Adams,0.47326048875952476,April,Adams,,"['April', 'A', '']"
Krystal Dixon,0.5309219311457678,Krystal,Dixon,,"['Krystal', 'D', '']"
Heather James,0.42550381270521476,Heather,James,,"['Heather', 'J', '']"
Christopher Levy,0.7459354367136096,Christopher,Levy,,"['Christopher', 'L', '']"
William Chandler,0.33079129719593015,William,Chandler,,"['William', 'C', '']"
Jennifer Johnson,0.7028549421857689,Jennifer,Johnson,,"['Jennifer', 'J', '']"
Janet Mueller,0.27091642697619633,Janet,Mueller,,"['Janet', 'M', '']"
Mr. Robert Williams,0.2514036762009415,Mr.,Robert,Williams,"['Mr.', 'R', 'Wil']"
Scott Castaneda,0.12065588475230582,Scott,Castaneda,,"['Scott', 'C', '']"
Kiara Johnson,0.1925842934515174,Kiara,Johnson,,"['Kiara', 'J', '']"
Daniel Bryan,0.11955474125505283,Daniel,Bryan,,"['Daniel', 'B', '']"
Marcus Brown,0.5358639653837498,Marcus,Brown,,"['Marcus', 'B', '']"
Kirsten Briggs,0.762189609484103,Kirsten,Briggs,,"['Kirsten', 'B', '']"
James Brown,0.18514984243766197,James,Brown,,"['James', 'B', '']"
Larry Smith,0.21638463987860568,Larry,Smith,,"['Larry', 'S', '']"
Robert Mccoy,0.4841985872127087,Robert,Mccoy,,"['Robert', 'M', '']"
Anthony Patel,0.7245850010930516,Anthony,Patel,,"['Anthony', 'P', '']"
Rachel Whitaker,0.9766070228830568,Rachel,Whitaker,,"['Rachel', 'W', '']"
Shawn Montgomery,0.5246368691086079,Shawn,Montgomery,,"['Shawn', 'M', '']"
Laura Cruz,0.282998703274955,Laura,Cruz,,"['Laura', 'C', '']"
John Ferrell,0.10052610809079077,John,Ferrell,,"['John', 'F', '']"
Zachary West,0.19411757809107344,Zachary,West,,"['Zachary', 'W', '']"
Raymond Kirk DDS,0.2274831634825547,Raymond,Kirk,DDS,"['Raymond', 'K', 'DDS']"
Tyrone Brown,0.17944154368540333,Tyrone,Brown,,"['Tyrone', 'B', '']"
Andrea Watkins,0.014148367256063832,Andrea,Watkins,,"['Andrea', 'W', '']"
Taylor Torres,0.5341350892676633,Taylor,Torres,,"['Taylor', 'T', '']"
Alex Gordon,0.2743113267832673,Alex,Gordon,,"['Alex', 'G', '']"
Amy Sullivan,0.9742949311027379,Amy,Sullivan,,"['Amy', 'S', '']"
Garrett Hudson,0.5533589667986083,Garrett,Hudson,,"['Garrett', 'H', '']"
Mark Carter,0.6974173929101944,Mark,Carter,,"['Mark', 'C', '']"
Douglas Terrell,0.1262794929584089,Douglas,Terrell,,"['Douglas', 'T', '']"
George Nelson,0.868461197262944,George,Nelson,,"['George', 'N', '']"
Zachary Martinez,0.49087869452377886,Zachary,Martinez,,"['Zachary', 'M', '']"
James Solomon,0.8727197349985346,James,Solomon,,"['James', 'S', '']"
David Anderson,0.5740642196263323,David,Anderson,,"['David', 'A', '']"
Ian Garza,0.4693969449305102,Ian,Garza,,"['Ian', 'G', '']"
Lauren Mejia,0.44046879813601025,Lauren,Mejia,,"['Lauren', 'M', '']"
Taylor Robinson,0.18436367039008172,Taylor,Robinson,,"['Taylor', 'R', '']"
Rick Rios,0.051376717183577836,Rick,Rios,,"['Rick', 'R', '']"
Crystal Rhodes,0.9410635967681032,Crystal,Rhodes,,"['Crystal', 'R', '']"
Tonya Robinson,0.4777291872656877,Tonya,Robinson,,"['Tonya', 'R', '']"
Tonya Williams,0.8221156452994304,Tonya,Williams,,"['Tonya', 'W', '']"
Donna Ray,0.40070744225193977,Donna,Ray,,"['Donna', 'R', '']"
Peter Cooper,0.07408217025563979,Peter,Cooper,,"['Peter', 'C', '']"
Elizabeth West,0.6294457069519983,Elizabeth,West,,"['Elizabeth', 'W', '']"
Corey Smith,0.05360907429253314,Corey,Smith,,"['Corey', 'S', '']"
Aaron Leonard,0.14919758447365516,Aaron,Leonard,,"['Aaron', 'L', '']"
Eric White,0.5628395970845642,Eric,White,,"['Eric', 'W', '']"
Janice Jordan,0.3038355118422277,Janice,Jordan,,"['Janice', 'J', '']"
Danielle Jordan,0.9939181227102202,Danielle,Jordan,,"['Danielle', 'J', '']"
John Williams,0.11845156221146158,John,Williams,,"['John', 'W', '']"
Anthony Hines,0.7644434453261942,Anthony,Hines,,"['Anthony', 'H', '']"
Victoria Coffey,0.6063176512429628,Victoria,Coffey,,"['Victoria', 'C', '']"
Richard Bush,0.7907408298434194,Richard,Bush,,"['Richard', 'B', '']"
Sharon Gonzales,0.22568713706503463,Sharon,Gonzales,,"['Sharon', 'G', '']"
Patricia Nguyen,0.5225725351302178,Patricia,Nguyen,,"['Patricia', 'N', '']"
Gregory Leonard,0.45051446488875424,Gregory,Leonard,,"['Gregory', 'L', '']"
Jennifer Phelps,0.44272100401932835,Jennifer,Phelps,,"['Jennifer', 'P', '']"
Tracy Hall,0.8601666658261801,Tracy,Hall,,"['Tracy', 'H', '']"
Carla Young,0.9900312604667979,Carla,Young,,"['Carla', 'Y', '']"
Tracey Stafford,0.3053802443193604,Tracey,Stafford,,"['Tracey', 'S', '']"
Heather Owens,0.6210273210721485,Heather,Owens,,"['Heather', 'O', '']"
Kendra Cameron,0.6096309122451303,Kendra,Cameron,,"['Kendra', 'C', '']"
Megan Tapia,0.740089305484545,Megan,Tapia,,"['Megan', 'T', '']"
Casey Brown,0.947590200325378,Casey,Brown,,"['Casey', 'B', '']"
Carrie Marsh,0.20778790582355133,Carrie,Marsh,,"['Carrie', 'M', '']"
Susan Spence,0.211025195305393,Susan,Spence,,"['Susan', 'S', '']"
Jessica Miller,0.6604281371920366,Jessica,Miller,,"['Jessica', 'M', '']"
Michelle Ortega,0.15705709338087714,Michelle,Ortega,,"['Michelle', 'O', '']"
Jerry Robinson,0.17381354832643447,Jerry,Robinson,,"['Jerry', 'R', '']"
Christopher Frederick,0.07506486890116792,Christopher,Frederick,,"['Christopher', 'F', '']"
Melissa Nelson,0.002675722602885733,Melissa,Nelson,,"['Melissa', 'N', '']"
Jodi West,0.4505037046177024,Jodi,West,,"['Jodi', 'W', '']"
Heather Conway,0.5938111951195633,Heather,Conway,,"['Heather', 'C', '']"
Lisa Calhoun,0.2912592890310276,Lisa,Calhoun,,"['Lisa', 'C', '']"
Ms. Rebecca Russo,0.23147623455602584,Ms.,Rebecca,Russo,"['Ms.', 'R', 'Rus']"
Amanda Reed,0.7069558298790333,Amanda,Reed,,"['Amanda', 'R', '']"
James Roman,0.7029875580937172,James,Roman,,"['James', 'R', '']"
Joann Thomas,0.45403132640704325,Joann,Thomas,,"['Joann', 'T', '']"
Christopher Mendoza,0.6873849200712427,Christopher,Mendoza,,"['Christopher', 'M', '']"
Sarah Hernandez,0.9239110444825487,Sarah,Hernandez,,"['Sarah', 'H', '']"
Mitchell Davis,0.7878280266467313,Mitchell,Davis,,"['Mitchell', 'D', '']"
Todd Kim,0.6250580071642219,Todd,Kim,,"['Todd', 'K', '']"
Richard Green,0.6611830428533678,Richard,Green,,"['Richard', 'G', '']"
Daniel Brown,0.9336684584455133,Daniel,Brown,,"['Daniel', 'B', '']"
Julie Grimes,0.42513896610421165,Julie,Grimes,,"['Julie', 'G', '']"
Robert Thompson,0.5445623787105787,Robert,Thompson,,"['Robert', 'T', '']"
James Davis,0.6476347234024807,James,Davis,,"['James', 'D', '']"
Shannon Young,0.9084114452126061,Shannon,Young,,"['Shannon', 'Y', '']"
Rachel Quinn,0.8266311596500596,Rachel,Quinn,,"['Rachel', 'Q', '']"
Gregory Manning,0.07140983685581415,Gregory,Manning,,"['Gregory', 'M', '']"
Gregory Brown,0.16592278922072468,Gregory,Brown,,"['Gregory', 'B', '']"
Colleen Patterson,0.30761181261423254,Colleen,Patterson,,"['Colleen', 'P', '']"
Dennis Lee,0.7489577220696233,Dennis,Lee,,"['Dennis', 'L', '']"
Ashley Cunningham,0.5692070493190924,Ashley,Cunningham,,"['Ashley', 'C', '']"
Sara Simmons DVM,0.28861058830584174,Sara,Simmons,DVM,"['Sara', 'S', 'DVM']"
Donna Watkins,0.12435365817470823,Donna,Watkins,,"['Donna', 'W', '']"
Mrs. Elizabeth Reid PhD,0.6886779912120937,Mrs.,Elizabeth,Reid PhD,"['Mrs.', 'E', 'Rei']"
Alexandra Hunt,0.6997336849757173,Alexandra,Hunt,,"['Alexandra', 'H', '']"
Erin Rodriguez,0.9426762407440408,Erin,Rodriguez,,"['Erin', 'R', '']"
Jennifer Montgomery,0.5004721771179256,Jennifer,Montgomery,,"['Jennifer', 'M', '']"
Austin Baldwin,0.4937952193450843,Austin,Baldwin,,"['Austin', 'B', '']"
Lisa Gentry,0.08044185189930098,Lisa,Gentry,,"['Lisa', 'G', '']"
Christina Cuevas,0.03986078418361305,Christina,Cuevas,,"['Christina', 'C', '']"
Richard Lopez,0.43202866416077257,Richard,Lopez,,"['Richard', 'L', '']"
Tyler Mccoy,0.32232158335829997,Tyler,Mccoy,,"['Tyler', 'M', '']"
Jeremy Hall,0.2503679024120039,Jeremy,Hall,,"['Jeremy', 'H', '']"
Jeremiah Irwin,0.0913268866309852,Jeremiah,Irwin,,"['Jeremiah', 'I', '']"
David Perkins,0.9619111021928367,David,Perkins,,"['David', 'P', '']"
Christopher Vasquez,0.8359586139061813,Christopher,Vasquez,,"['Christopher', 'V', '']"
Sandra Perez,0.5751991092199304,Sandra,Perez,,"['Sandra', 'P', '']"
David Alvarez,0.9507862778063524,David,Alvarez,,"['David', 'A', '']"
Thomas Ross,0.9995724168774514,Thomas,Ross,,"['Thomas', 'R', '']"
Isabella Perry,0.6722815843032393,Isabella,Perry,,"['Isabella', 'P', '']"
Courtney Hernandez,0.2695110259670539,Courtney,Hernandez,,"['Courtney', 'H', '']"
Melissa Fuentes,0.040231673144616176,Melissa,Fuentes,,"['Melissa', 'F', '']"
Janet Sweeney,0.7562688304125571,Janet,Sweeney,,"['Janet', 'S', '']"
Gregory Perez,0.47050082325163356,Gregory,Perez,,"['Gregory', 'P', '']"
Adam Allen,0.6515094894336864,Adam,Allen,,"['Adam', 'A', '']"
Amber Jackson,0.9160727879267675,Amber,Jackson,,"['Amber', 'J', '']"
Kevin Gates,0.18148914722312592,Kevin,Gates,,"['Kevin', 'G', '']"
Carla Perkins,0.5853296252778544,Carla,Perkins,,"['Carla', 'P', '']"
Kiara Wagner,0.6347847194540869,Kiara,Wagner,,"['Kiara', 'W', '']"
Emily Daniel,0.49172580219101336,Emily,Daniel,,"['Emily', 'D', '']"
Richard Gordon,0.09124240629382718,Richard,Gordon,,"['Richard', 'G', '']"
Charles Ramirez,0.34796105629465046,Charles,Ramirez,,"['Charles', 'R', '']"
Mrs. Alyssa Vasquez DVM,0.333308393665092,Mrs.,Alyssa,Vasquez DVM,"['Mrs.', 'A', 'Vas']"
Kimberly Higgins,0.6701335095211854,Kimberly,Higgins,,"['Kimberly', 'H', '']"
Nicole Friedman,0.8577330944003526,Nicole,Friedman,,"['Nicole', 'F', '']"
Kristen Tyler,0.3298036635789654,Kristen,Tyler,,"['Kristen', 'T', '']"
Leslie Serrano,0.6936736739834325,Leslie,Serrano,,"['Leslie', 'S', '']"
Jennifer Rodriguez,0.28821779536145575,Jennifer,Rodriguez,,"['Jennifer', 'R', '']"
Daniel Atkins,0.9451935395632106,Daniel,Atkins,,"['Daniel', 'A', '']"
Kevin White,0.8135660347379726,Kevin,White,,"['Kevin', 'W', '']"
Timothy King,0.5500966089717829,Timothy,King,,"['Timothy', 'K', '']"
Karen Aguirre,0.45482590860172945,Karen,Aguirre,,"['Karen', 'A', '']"
Stephanie Davis,0.3145171571701679,Stephanie,Davis,,"['Stephanie', 'D', '']"
Carolyn Walton,0.3232737862759947,Carolyn,Walton,,"['Carolyn', 'W', '']"
Jamie Smith,0.9701847268085771,Jamie,Smith,,"['Jamie', 'S', '']"
Christopher Brown,0.40417505700074563,Christopher,Brown,,"['Christopher', 'B', '']"
Timothy Boone,0.5145962523291051,Timothy,Boone,,"['Timothy', 'B', '']"
Veronica Cooper,0.9881192147817541,Veronica,Cooper,,"['Veronica', 'C', '']"
Alexis Clark,0.657660386483129,Alexis,Clark,,"['Alexis', 'C', '']"
Benjamin Barnes,0.542593594357195,Benjamin,Barnes,,"['Benjamin', 'B', '']"
Christopher Rice,0.4132475707993215,Christopher,Rice,,"['Christopher', 'R', '']"
Kristi Jones,0.18758254139452712,Kristi,Jones,,"['Kristi', 'J', '']"
Felicia Vaughn,0.36177935915167525,Felicia,Vaughn,,"['Felicia', 'V', '']"
Megan Martin,0.7564431540555737,Megan,Martin,,"['Megan', 'M', '']"
Jessica Robles,0.625408742145009,Jessica,Robles,,"['Jessica', 'R', '']"
Dawn Allen,0.759990536061017,Dawn,Allen,,"['Dawn', 'A', '']"
Michael Meza,0.20355823835027387,Michael,Meza,,"['Michael', 'M', '']"
Katherine Fletcher,0.5492196390853317,Katherine,Fletcher,,"['Katherine', 'F', '']"
Veronica Garcia,0.9276727608444477,Veronica,Garcia,,"['Veronica', 'G', '']"
Jesse Singh,0.43811609507237825,Jesse,Singh,,"['Jesse', 'S', '']"
Stephanie Williams,0.6982500291221723,Stephanie,Williams,,"['Stephanie', 'W', '']"
Tami Brown,0.12142608336261984,Tami,Brown,,"['Tami', 'B', '']"
Kathleen Brown,0.9731468158216944,Kathleen,Brown,,"['Kathleen', 'B', '']"
Shawn Robinson,0.6088716670819649,Shawn,Robinson,,"['Shawn', 'R', '']"
Theresa Anderson,0.23929746232765037,Theresa,Anderson,,"['Theresa', 'A', '']"
Madison Nguyen,0.1583781638052324,Madison,Nguyen,,"['Madison', 'N', '']"
Amber Sullivan,0.55083900700267,Amber,Sullivan,,"['Amber', 'S', '']"
Brittany Williams,0.552251409053733,Brittany,Williams,,"['Brittany', 'W', '']"
Jacob Garcia,0.09320920128152255,Jacob,Garcia,,"['Jacob', 'G', '']"
Lynn Costa,0.9922571393952196,Lynn,Costa,,"['Lynn', 'C', '']"
Joseph Beck,0.912929878484168,Joseph,Beck,,"['Joseph', 'B', '']"
James Mcdonald,0.4614478941787834,James,Mcdonald,,"['James', 'M', '']"
Gregory Ewing,0.11746614908955755,Gregory,Ewing,,"['Gregory', 'E', '']"
Franklin Johnson,0.8321431737689012,Franklin,Johnson,,"['Franklin', 'J', '']"
Emily Walker,0.49837550470719527,Emily,Walker,,"['Emily', 'W', '']"
Ashlee Peterson,0.7166033259917911,Ashlee,Peterson,,"['Ashlee', 'P', '']"
Daniel Smith,0.5088720150695117,Daniel,Smith,,"['Daniel', 'S', '']"
Chad Reed,0.2734248967132742,Chad,Reed,,"['Chad', 'R', '']"
Caitlin King,0.8347239455766944,Caitlin,King,,"['Caitlin', 'K', '']"
Robert Franklin,0.9802446326033755,Robert,Franklin,,"['Robert', 'F', '']"
Robert Freeman,0.24373090607513836,Robert,Freeman,,"['Robert', 'F', '']"
Jessica Yu,0.5512650768804697,Jessica,Yu,,"['Jessica', 'Y', '']"
Travis Fuller,0.3835860132471499,Travis,Fuller,,"['Travis', 'F', '']"
Susan Pollard,0.9218681499315619,Susan,Pollard,,"['Susan', 'P', '']"
Jennifer Hoffman,0.508240891592894,Jennifer,Hoffman,,"['Jennifer', 'H', '']"
Joshua Coleman,0.8793262551464761,Joshua,Coleman,,"['Joshua', 'C', '']"
Hannah Hansen,0.8640269344285881,Hannah,Hansen,,"['Hannah', 'H', '']"
Steven Hicks,0.27624740282204097,Steven,Hicks,,"['Steven', 'H', '']"
Thomas Wells,0.7900061820031135,Thomas,Wells,,"['Thomas', 'W', '']"
Chad Barber,0.41494242355134514,Chad,Barber,,"['Chad', 'B', '']"
Daniel Collins,0.9342483936825201,Daniel,Collins,,"['Daniel', 'C', '']"
Eric Turner,0.5077376758096565,Eric,Turner,,"['Eric', 'T', '']"
Walter Arellano,0.8205494731855784,Walter,Arellano,,"['Walter', 'A', '']"
Elizabeth Nguyen,0.28283898328282664,Elizabeth,Nguyen,,"['Elizabeth', 'N', '']"
Ashley Lee,0.2985558497717672,Ashley,Lee,,"['Ashley', 'L', '']"
Anthony Hickman,0.5869377224141611,Anthony,Hickman,,"['Anthony', 'H', '']"
Kristen Robinson,0.9989023332293387,Kristen,Robinson,,"['Kristen', 'R', '']"
Travis Li,0.489640346655701,Travis,Li,,"['Travis', 'L', '']"
Christine Friedman,0.1485954183827891,Christine,Friedman,,"['Christine', 'F', '']"
Stephanie Mercado,0.5385805777038737,Stephanie,Mercado,,"['Stephanie', 'M', '']"
Sandra Payne,0.34512394169300753,Sandra,Payne,,"['Sandra', 'P', '']"
Tracy Hernandez,0.551917417070811,Tracy,Hernandez,,"['Tracy', 'H', '']"
Karen Chapman,0.543430062958673,Karen,Chapman,,"['Karen', 'C', '']"
George Murphy,0.4553446168665011,George,Murphy,,"['George', 'M', '']"
Beth Thompson,0.3217773502290374,Beth,Thompson,,"['Beth', 'T', '']"
Garrett Oneal,0.18865237370710541,Garrett,Oneal,,"['Garrett', 'O', '']"
Robert Guerrero,0.6974984276205713,Robert,Guerrero,,"['Robert', 'G', '']"
Maria Howard,0.5717976419849011,Maria,Howard,,"['Maria', 'H', '']"
Michael Moore,0.2335624460578931,Michael,Moore,,"['Michael', 'M', '']"
Toni Payne,0.7755444750992588,Toni,Payne,,"['Toni', 'P', '']"
Connor Francis,0.04364729909730192,Connor,Francis,,"['Connor', 'F', '']"
Bryan Bryan,0.7447051515651959,Bryan,Bryan,,"['Bryan', 'B', '']"
Brooke Hoover,0.7052278810250026,Brooke,Hoover,,"['Brooke', 'H', '']"
Jorge Lopez,0.8114089025648769,Jorge,Lopez,,"['Jorge', 'L', '']"
William Jones,0.38607875249098234,William,Jones,,"['William', 'J', '']"
Timothy Sexton,0.6636888294845347,Timothy,Sexton,,"['Timothy', 'S', '']"
Charles Hill,0.820747551709555,Charles,Hill,,"['Charles', 'H', '']"
Hunter Allison,0.9808181386597851,Hunter,Allison,,"['Hunter', 'A', '']"
Sherri Kim,0.49532864961642353,Sherri,Kim,,"['Sherri', 'K', '']"
Lauren Scott,0.03701961134557619,Lauren,Scott,,"['Lauren', 'S', '']"
Rebecca Gonzales,0.5022911501329659,Rebecca,Gonzales,,"['Rebecca', 'G', '']"
Lauren Nguyen,0.590180429309567,Lauren,Nguyen,,"['Lauren', 'N', '']"
Ashley Chang,0.8697003133622154,Ashley,Chang,,"['Ashley', 'C', '']"
Robert White,0.8741903740543083,Robert,White,,"['Robert', 'W', '']"
Michael Grimes,0.44030620977067714,Michael,Grimes,,"['Michael', 'G', '']"
William Gutierrez,0.5259510868075614,William,Gutierrez,,"['William', 'G', '']"
Michele Erickson,0.4569280744742422,Michele,Erickson,,"['Michele', 'E', '']"
Anthony Kane,0.7224438275706426,Anthony,Kane,,"['Anthony', 'K', '']"
Karla Short,0.4099786197463644,Karla,Short,,"['Karla', 'S', '']"
Holly Cummings,0.6547813264277338,Holly,Cummings,,"['Holly', 'C', '']"
Timothy Riddle,0.15436121877154885,Timothy,Riddle,,"['Timothy', 'R', '']"
Jennifer Krause,0.46949060098473194,Jennifer,Krause,,"['Jennifer', 'K', '']"
Clinton Peterson,0.9692036305742172,Clinton,Peterson,,"['Clinton', 'P', '']"
Jennifer Brown,0.3385612340514317,Jennifer,Brown,,"['Jennifer', 'B', '']"
Martha Gonzalez,0.692704598586882,Martha,Gonzalez,,"['Martha', 'G', '']"
Lynn Neal,0.6498366525792726,Lynn,Neal,,"['Lynn', 'N', '']"
Drew Strong,0.8517652923506914,Drew,Strong,,"['Drew', 'S', '']"
Jordan Holland,0.8523413365658931,Jordan,Holland,,"['Jordan', 'H', '']"
Cynthia Hall,0.8593421841682666,Cynthia,Hall,,"['Cynthia', 'H', '']"
Thomas Trevino,0.38000939752265506,Thomas,Trevino,,"['Thomas', 'T', '']"
Joseph Reed,0.31666115393339966,Joseph,Reed,,"['Joseph', 'R', '']"
Karen Hamilton PhD,0.718717425222983,Karen,Hamilton,PhD,"['Karen', 'H', 'PhD']"
Melinda Castillo,0.7594018093343636,Melinda,Castillo,,"['Melinda', 'C', '']"
Anthony May,0.8723830173985363,Anthony,May,,"['Anthony', 'M', '']"
Logan Watkins,0.03589909983768658,Logan,Watkins,,"['Logan', 'W', '']"
Daniel Hill,0.06842074718155144,Daniel,Hill,,"['Daniel', 'H', '']"
Joshua Cohen,0.6311610168546405,Joshua,Cohen,,"['Joshua', 'C', '']"
Jessica Harris,0.9209290987802967,Jessica,Harris,,"['Jessica', 'H', '']"
Lori Blake,0.9974259229562153,Lori,Blake,,"['Lori', 'B', '']"
James Hunter,0.746766366737927,James,Hunter,,"['James', 'H', '']"
Timothy Rush,0.4339714719231257,Timothy,Rush,,"['Timothy', 'R', '']"
Jamie King,0.09844312638319797,Jamie,King,,"['Jamie', 'K', '']"
Brian Carter,0.6337478287807913,Brian,Carter,,"['Brian', 'C', '']"
Debra Garcia,0.8725792326070907,Debra,Garcia,,"['Debra', 'G', '']"
Laura Taylor,0.4436785516617058,Laura,Taylor,,"['Laura', 'T', '']"
Jesse Stewart,0.6940011627932345,Jesse,Stewart,,"['Jesse', 'S', '']"
Sheena Stewart,0.903424062050486,Sheena,Stewart,,"['Sheena', 'S', '']"
Rhonda Mckinney,0.04599096867721275,Rhonda,Mckinney,,"['Rhonda', 'M', '']"
Raymond Clark,0.7961434651622118,Raymond,Clark,,"['Raymond', 'C', '']"
Wanda Turner,0.2933677759652088,Wanda,Turner,,"['Wanda', 'T', '']"
Matthew Fuentes,0.37484108977531483,Matthew,Fuentes,,"['Matthew', 'F', '']"
Diana Graham,0.14556979569939843,Diana,Graham,,"['Diana', 'G', '']"
Bill Hammond,0.53116631814876,Bill,Hammond,,"['Bill', 'H', '']"
Christina Lyons,0.5659280619159368,Christina,Lyons,,"['Christina', 'L', '']"
Barbara Hardin,0.7925194738809532,Barbara,Hardin,,"['Barbara', 'H', '']"
Matthew Hall,0.16998364906809738,Matthew,Hall,,"['Matthew', 'H', '']"
Angela Sloan,0.07896835065999463,Angela,Sloan,,"['Angela', 'S', '']"
Leslie Smith,0.8708395986448548,Leslie,Smith,,"['Leslie', 'S', '']"
Lydia Jordan,0.6197103685374153,Lydia,Jordan,,"['Lydia', 'J', '']"
Brandon Freeman,0.24082979185631304,Brandon,Freeman,,"['Brandon', 'F', '']"
Tracy Silva,0.9128290160235548,Tracy,Silva,,"['Tracy', 'S', '']"
Victoria Morris,0.14311772012850965,Victoria,Morris,,"['Victoria', 'M', '']"
Katherine Anderson,0.46114991335499755,Katherine,Anderson,,"['Katherine', 'A', '']"
Steven Aguirre,0.2539773394135423,Steven,Aguirre,,"['Steven', 'A', '']"
Andrew Mcgee,0.25532670815915404,Andrew,Mcgee,,"['Andrew', 'M', '']"
Jason Harris,0.009397431454871041,Jason,Harris,,"['Jason', 'H', '']"
Ricky Jones,0.8046330769751463,Ricky,Jones,,"['Ricky', 'J', '']"
Paul Lee,0.901209423598883,Paul,Lee,,"['Paul', 'L', '']"
Joseph Rice,0.6776108856990795,Joseph,Rice,,"['Joseph', 'R', '']"
Kimberly Butler,0.15797562207178695,Kimberly,Butler,,"['Kimberly', 'B', '']"
Amanda Brennan,0.44172978360381443,Amanda,Brennan,,"['Amanda', 'B', '']"
Jill Washington,0.3455656244430817,Jill,Washington,,"['Jill', 'W', '']"
Michael Davis,0.5875717051264214,Michael,Davis,,"['Michael', 'D', '']"
Amy Jackson,0.6389387023600122,Amy,Jackson,,"['Amy', 'J', '']"
Devin Garrett,0.4243089384608977,Devin,Garrett,,"['Devin', 'G', '']"
Ernest Martinez,0.25009822440770124,Ernest,Martinez,,"['Ernest', 'M', '']"
Courtney Wallace,0.8453039251425987,Courtney,Wallace,,"['Courtney', 'W', '']"
David Wells,0.19921699910889235,David,Wells,,"['David', 'W', '']"
Michael Johnson,0.38469324896734547,Michael,Johnson,,"['Michael', 'J', '']"
Elizabeth Banks DDS,0.4832080610592161,Elizabeth,Banks,DDS,"['Elizabeth', 'B', 'DDS']"
Brenda Salazar,0.23720570192757462,Brenda,Salazar,,"['Brenda', 'S', '']"
Joseph Gamble,0.5719226923507389,Joseph,Gamble,,"['Joseph', 'G', '']"
Cassidy Lawson,0.5748119301786451,Cassidy,Lawson,,"['Cassidy', 'L', '']"
Michelle Fuller,0.9926920436268976,Michelle,Fuller,,"['Michelle', 'F', '']"
Nicole Hodge,0.29523075388326936,Nicole,Hodge,,"['Nicole', 'H', '']"
Luis Pope,0.9779444845768627,Luis,Pope,,"['Luis', 'P', '']"
Traci Richardson,0.6582298159286807,Traci,Richardson,,"['Traci', 'R', '']"
Brandon Wells,0.27448038017822773,Brandon,Wells,,"['Brandon', 'W', '']"
Bridget Walsh,0.565929016955699,Bridget,Walsh,,"['Bridget', 'W', '']"
Angela Hall,0.6857994927340121,Angela,Hall,,"['Angela', 'H', '']"
Russell Kim,0.7446688411653252,Russell,Kim,,"['Russell', 'K', '']"
Michael Rodriguez,0.04904425077599994,Michael,Rodriguez,,"['Michael', 'R', '']"
Cathy Wright DVM,0.6064064930764745,Cathy,Wright,DVM,"['Cathy', 'W', 'DVM']"
Gabriella Buchanan,0.4967272865238703,Gabriella,Buchanan,,"['Gabriella', 'B', '']"
Kenneth Wiley,0.9041552908937254,Kenneth,Wiley,,"['Kenneth', 'W', '']"
Cindy Hammond,0.28619415145919447,Cindy,Hammond,,"['Cindy', 'H', '']"
Tyler Vang,0.7988601195075987,Tyler,Vang,,"['Tyler', 'V', '']"
Jennifer Glass,0.607064998164266,Jennifer,Glass,,"['Jennifer', 'G', '']"
Krista Lewis,0.35232095583531653,Krista,Lewis,,"['Krista', 'L', '']"
Monica Francis,0.6366178780058919,Monica,Francis,,"['Monica', 'F', '']"
Michael Duncan,0.6208911631303041,Michael,Duncan,,"['Michael', 'D', '']"
Edward Phillips,0.6777644586233594,Edward,Phillips,,"['Edward', 'P', '']"
Barbara Miranda,0.720928376670709,Barbara,Miranda,,"['Barbara', 'M', '']"
Jeanette Wood,0.6591815403167537,Jeanette,Wood,,"['Jeanette', 'W', '']"
Andrea Cooper,0.8383371169625166,Andrea,Cooper,,"['Andrea', 'C', '']"
Debbie Murray,0.6282481036868983,Debbie,Murray,,"['Debbie', 'M', '']"
Danielle Reid,0.9034037040729679,Danielle,Reid,,"['Danielle', 'R', '']"
Jeffrey Marshall,0.6463406088905228,Jeffrey,Marshall,,"['Jeffrey', 'M', '']"
Tiffany Weaver,0.3089328839526361,Tiffany,Weaver,,"['Tiffany', 'W', '']"
Joshua Clark,0.4408231901628116,Joshua,Clark,,"['Joshua', 'C', '']"
Ryan Green,0.5795738053684028,Ryan,Green,,"['Ryan', 'G', '']"
Dorothy Thornton,0.7323597679392383,Dorothy,Thornton,,"['Dorothy', 'T', '']"
Heidi Smith,0.09013337574621894,Heidi,Smith,,"['Heidi', 'S', '']"
Roberto Benson,0.2951104516291553,Roberto,Benson,,"['Roberto', 'B', '']"
Haley Byrd,0.7474808649383715,Haley,Byrd,,"['Haley', 'B', '']"
Carlos Nixon,0.17564007044430663,Carlos,Nixon,,"['Carlos', 'N', '']"
James Young,0.13215979774678355,James,Young,,"['James', 'Y', '']"
Jacob Maddox,0.5394077589844211,Jacob,Maddox,,"['Jacob', 'M', '']"
Ricky Mcbride,0.9714895812113399,Ricky,Mcbride,,"['Ricky', 'M', '']"
Christine Giles,0.530852373702785,Christine,Giles,,"['Christine', 'G', '']"
Sabrina Osborne,0.9134869744816969,Sabrina,Osborne,,"['Sabrina', 'O', '']"
Laura Soto,0.8304726195673974,Laura,Soto,,"['Laura', 'S', '']"
Levi Ortiz,0.2569700845632623,Levi,Ortiz,,"['Levi', 'O', '']"
Jamie Larson,0.8246898125424073,Jamie,Larson,,"['Jamie', 'L', '']"
Luis Sullivan,0.4818478298737412,Luis,Sullivan,,"['Luis', 'S', '']"
Sean Garner,0.8064884937937665,Sean,Garner,,"['Sean', 'G', '']"
Tanner Price MD,0.746559350717045,Tanner,Price,MD,"['Tanner', 'P', 'MD']"
Mark Moore,0.3387152538018863,Mark,Moore,,"['Mark', 'M', '']"
Andrew Taylor,0.1151697074497594,Andrew,Taylor,,"['Andrew', 'T', '']"
Tyler Hensley,0.9628932928688776,Tyler,Hensley,,"['Tyler', 'H', '']"
Nathaniel Frederick,0.14075701500588267,Nathaniel,Frederick,,"['Nathaniel', 'F', '']"
David Wolfe DVM,0.9665002094627521,David,Wolfe,DVM,"['David', 'W', 'DVM']"
Frank James,0.8601405968988218,Frank,James,,"['Frank', 'J', '']"
Christopher Nelson,0.7242167120755182,Christopher,Nelson,,"['Christopher', 'N', '']"
Ashley Hall,0.9799422427819034,Ashley,Hall,,"['Ashley', 'H', '']"
Joshua Ibarra,0.9672697473000323,Joshua,Ibarra,,"['Joshua', 'I', '']"
Sheryl Brooks,0.8045876440205619,Sheryl,Brooks,,"['Sheryl', 'B', '']"
Michael Andersen,0.3657750494055664,Michael,Andersen,,"['Michael', 'A', '']"
Natasha Moore,0.7906819685889375,Natasha,Moore,,"['Natasha', 'M', '']"
Sarah Stewart,0.013918655100901178,Sarah,Stewart,,"['Sarah', 'S', '']"
Benjamin Rowe,0.5365723082690591,Benjamin,Rowe,,"['Benjamin', 'R', '']"
Matthew Martin,0.45478602773387466,Matthew,Martin,,"['Matthew', 'M', '']"
Kyle Patel,0.6728283818737536,Kyle,Patel,,"['Kyle', 'P', '']"
Rebecca Rodriguez,0.6723407973510132,Rebecca,Rodriguez,,"['Rebecca', 'R', '']"
Laura Bennett,0.584560091652166,Laura,Bennett,,"['Laura', 'B', '']"
Julia Gordon,0.8224173012267743,Julia,Gordon,,"['Julia', 'G', '']"
Rebecca Richardson,0.9402918917795542,Rebecca,Richardson,,"['Rebecca', 'R', '']"
Julia Charles,0.10834610219923069,Julia,Charles,,"['Julia', 'C', '']"
Mary Bailey,0.23382190221158317,Mary,Bailey,,"['Mary', 'B', '']"
Kelsey Caldwell,0.025024649646482322,Kelsey,Caldwell,,"['Kelsey', 'C', '']"
William Bennett,0.8842348452148522,William,Bennett,,"['William', 'B', '']"
Norma Clark,0.5614073822498789,Norma,Clark,,"['Norma', 'C', '']"
Brandon Warner,0.9152559087431594,Brandon,Warner,,"['Brandon', 'W', '']"
William Wright,0.22136720007399002,William,Wright,,"['William', 'W', '']"
Mary Jones,0.06321704116019544,Mary,Jones,,"['Mary', 'J', '']"
Carmen Ramirez,0.8238553513904476,Carmen,Ramirez,,"['Carmen', 'R', '']"
Natasha Jones,0.909387638427892,Natasha,Jones,,"['Natasha', 'J', '']"
Nicole Mckee,0.30219017452925023,Nicole,Mckee,,"['Nicole', 'M', '']"
Kayla Jennings,0.4082958557954127,Kayla,Jennings,,"['Kayla', 'J', '']"
Ashley Hernandez DDS,0.13977701250722108,Ashley,Hernandez,DDS,"['Ashley', 'H', 'DDS']"
Jennifer Adams,0.9462615328819463,Jennifer,Adams,,"['Jennifer', 'A', '']"
Wendy Davis,0.3043645843560052,Wendy,Davis,,"['Wendy', 'D', '']"
Eric Johnson,0.49262461897820586,Eric,Johnson,,"['Eric', 'J', '']"
Nichole White,0.0971919986218216,Nichole,White,,"['Nichole', 'W', '']"
Teresa Wells,0.8872593085285023,Teresa,Wells,,"['Teresa', 'W', '']"
Richard Moody,0.13566404870633653,Richard,Moody,,"['Richard', 'M', '']"
Kim Wilson,0.4536437568888926,Kim,Wilson,,"['Kim', 'W', '']"
Paul Hall,0.6704862188501712,Paul,Hall,,"['Paul', 'H', '']"
Briana Miller,0.7431401215231715,Briana,Miller,,"['Briana', 'M', '']"
Scott Dougherty,0.9459740857794321,Scott,Dougherty,,"['Scott', 'D', '']"
Valerie Miles,0.41912675341472283,Valerie,Miles,,"['Valerie', 'M', '']"
Donald Bailey,0.7422690147653158,Donald,Bailey,,"['Donald', 'B', '']"
Nancy Perry,0.15452290240983502,Nancy,Perry,,"['Nancy', 'P', '']"
Juan Phillips,0.4148845274368069,Juan,Phillips,,"['Juan', 'P', '']"
Hayden Davidson,0.0990216347105285,Hayden,Davidson,,"['Hayden', 'D', '']"
Jonathan Cooper,0.4893470377896145,Jonathan,Cooper,,"['Jonathan', 'C', '']"
Melissa Harmon,0.4081158856977005,Melissa,Harmon,,"['Melissa', 'H', '']"
Amanda Gould,0.9515215253810595,Amanda,Gould,,"['Amanda', 'G', '']"
Megan Cox,0.032716286855046905,Megan,Cox,,"['Megan', 'C', '']"
Cody Fitzgerald,0.3705299587344354,Cody,Fitzgerald,,"['Cody', 'F', '']"
Xavier Farmer,0.44338308606070165,Xavier,Farmer,,"['Xavier', 'F', '']"
James Mcclure,0.950555169851427,James,Mcclure,,"['James', 'M', '']"
Lynn Zamora,0.8554501933059546,Lynn,Zamora,,"['Lynn', 'Z', '']"
